"","year","split_type","bat_side","pitcher_id","Name","Team","pitch_hand","pitch_hand_label","role","role_label","age","birth_country","birth_city","G","GS","BF","AB","H","1B","2B","3B","HR","K","BB","IBB","uBB","HBP","SF","DP","R","Outs","IP_dec","ERA","R9","WHIP","FIP","FIP-","BAA","OBP_a","SLG_a","OPS_a","wOBA_a","wRAA_a","K%","BB%","K-BB%","K/9","BB/9","HR/9","H/9","GO","AO","LO","GO%","AO%","LO%","GO/AO","Pitches","Swing%","Whiff%","Contact%","SwStr%","CSW%","CStr%","Str%","ER","W","L","SV","SVO","HLD","BS","CG","SHO","BK","NP","WP","mWAR","RAA9","RE24_pit","dRPW","pFIP","pFIP-","xFIP","xFIP-","RA9","RA9-","ERA-","P/INN","K/BB","Qualified","POS"
"1","2026","Overall","All",668826,"A.J. Candelario","MVA","R","Diestro","SP","Abridor",28,"USA","Bayonne",12,12,257,221,57,41,13,0,3,50,27,0,27,3,2,9,23,179,59.6666666666667,3.88,3.47,1.408,4.57,83,0.258,0.344,0.357,0.701,0.328,-9.1,19.5,10.5,9,7.54,4.07,0.45,8.6,47,62,5,41.2,54.4,4.4,0.76,1067,45.6,21.4,78.6,9.7,25.8,16,61.7,26,4,3,0,0,0,0,0,0,0,1070,2,1.5,1.1,8,10.4818055555556,4.5,88,5.56,109,3.89,69,76,17.73,1.85,"NO","P"
"2","2026","vs_LHB","L",668826,"A.J. Candelario","MVA","R","Diestro","SP","Abridor",28,"USA","Bayonne",12,NA,126,103,24,16,7,0,1,29,20,0,20,0,1,3,11,85,28.3333333333333,3.88,3.49,1.553,4.61,84,0.233,0.355,0.33,0.685,0.329,-4.3,23,15.9,7.1,9.21,6.35,0.32,7.62,17,28,4,34.7,57.1,8.2,0.61,565,42.5,25.8,74.2,11,27.3,16.3,58.8,26,4,3,0,0,0,0,0,0,0,1070,2,1.5,1.1,8,10.4818055555556,4.5,88,5.56,109,3.89,69,76,17.73,1.85,"NO","P"
"3","2026","vs_RHB","R",668826,"A.J. Candelario","MVA","R","Diestro","SP","Abridor",28,"USA","Bayonne",12,NA,131,118,33,25,6,0,2,21,7,0,7,3,1,6,12,94,31.3333333333333,3.88,3.45,1.277,4.53,83,0.28,0.333,0.381,0.714,0.327,-4.8,16,5.3,10.7,6.03,2.01,0.57,9.48,30,34,1,46.2,52.3,1.5,0.88,502,49.2,17,83,8.4,24.1,15.7,64.9,26,4,3,0,0,0,0,0,0,0,1070,2,1.5,1.1,8,10.4818055555556,4.5,88,5.56,109,3.89,69,76,17.73,1.85,"NO","P"
"4","2026","Overall","All",605156,"Aaron Brooks","DUR","R","Diestro","SP","Abridor",36,"USA","Montclair",1,1,20,19,5,3,2,0,0,4,1,0,1,0,0,0,2,14,4.66666666666667,3.6,3.86,1.286,3.01,55,0.263,0.3,0.368,0.668,0.3,-1.3,20,5,15,7.71,1.93,0,9.64,7,3,0,70,30,0,2.33,76,46.1,28.6,71.4,13.2,31.6,18.4,64.5,2,0,0,0,0,0,0,0,0,0,76,1,0.2,2.58,0.8,9.25,3.02,59,4.03,79,3.6,64,71,15.2,4,"NO","P"
"5","2026","vs_LHB","L",605156,"Aaron Brooks","DUR","R","Diestro","SP","Abridor",36,"USA","Montclair",1,NA,9,9,2,2,0,0,0,2,0,0,0,0,0,0,0,7,2.33333333333333,3.6,0,0.857,2.37,43,0.222,0.222,0.222,0.444,0.207,-1.4,22.2,0,22.2,7.71,0,0,7.71,3,2,0,60,40,0,1.5,31,54.8,29.4,70.6,16.1,29,12.9,67.7,2,0,0,0,0,0,0,0,0,0,76,1,0.2,2.58,0.8,9.25,3.02,59,4.03,79,3.6,64,71,15.2,4,"NO","P"
"6","2026","vs_RHB","R",605156,"Aaron Brooks","DUR","R","Diestro","SP","Abridor",36,"USA","Montclair",1,NA,11,10,3,1,2,0,0,2,1,0,1,0,0,0,2,7,2.33333333333333,3.6,7.71,1.714,3.65,67,0.3,0.364,0.5,0.864,0.376,0.1,18.2,9.1,9.1,7.71,3.86,0,11.57,4,1,0,80,20,0,4,45,40,27.8,72.2,11.1,33.3,22.2,62.2,2,0,0,0,0,0,0,0,0,0,76,1,0.2,2.58,0.8,9.25,3.02,59,4.03,79,3.6,64,71,15.2,4,"NO","P"
"7","2026","Overall","All",669468,"Aaron Leasher","LAG","L","Zurdo","SP","Abridor",30,"USA","Mount Pleasant",4,2,35,32,14,10,3,0,1,5,2,0,2,0,1,1,6,20,6.66666666666667,10.8,8.1,2.4,5.43,99,0.438,0.457,0.625,1.082,0.467,3.5,14.3,5.7,8.6,6.75,2.7,1.35,18.9,7,6,1,50,42.9,7.1,1.17,130,46.9,18,82,8.5,21.5,13.1,60,8,1,1,0,0,0,0,0,0,0,130,0,0.1,0.13,-3,11.3664166666667,5.47,107,5,98,11.61,207,212,19.5,2.5,"NO","P"
"8","2026","vs_RHB","R",669468,"Aaron Leasher","LAG","L","Zurdo","SP","Abridor",30,"USA","Mount Pleasant",4,NA,30,27,14,10,3,0,1,5,2,0,2,0,1,0,6,14,4.66666666666667,10.8,11.57,3.429,6.01,110,0.519,0.533,0.741,1.274,0.545,5.3,16.7,6.7,10,9.64,3.86,1.93,27,5,3,1,55.6,33.3,11.1,1.67,115,47,20.4,79.6,9.6,21.7,12.2,59.1,8,1,1,0,0,0,0,0,0,0,130,0,0.1,0.13,-3,11.3664166666667,5.47,107,5,98,11.61,207,212,19.5,2.5,"NO","P"
"9","2026","Overall","All",622426,"Adrian Almeida","AGS","L","Zurdo","SP","Abridor",31,"Venezuela","Puerto Cabello",16,12,270,241,82,61,14,0,7,65,19,1,18,4,2,10,41,177,59,6.1,6.25,1.695,4.54,83,0.34,0.395,0.485,0.88,0.394,7.9,24.1,6.7,17.4,9.92,2.75,1.07,12.51,52,36,9,53.6,37.1,9.3,1.44,1055,45.7,27.6,72.4,12.6,28.5,15.9,61.6,40,3,5,0,1,0,1,0,0,1,1055,3,1.3,1.12,-9.3,10.7116666666667,4.48,88,3.96,78,6.56,117,120,17.88,3.42,"NO","P"
"10","2026","vs_LHB","L",622426,"Adrian Almeida","AGS","L","Zurdo","SP","Abridor",31,"Venezuela","Puerto Cabello",15,NA,62,52,15,10,4,0,1,19,5,0,5,2,2,3,10,43,14.3333333333333,6.1,6.28,1.395,3.8,69,0.288,0.361,0.423,0.784,0.354,-0.6,30.6,8.1,22.5,11.93,3.14,0.63,9.42,9,8,1,50,44.4,5.6,1.12,247,47.4,31.6,68.4,15,30.8,15.8,63.2,40,3,5,0,1,0,1,0,0,1,1055,3,1.3,1.12,-9.3,10.7116666666667,4.48,88,3.96,78,6.56,117,120,17.88,3.42,"NO","P"
"11","2026","vs_RHB","R",622426,"Adrian Almeida","AGS","L","Zurdo","SP","Abridor",31,"Venezuela","Puerto Cabello",16,NA,208,189,67,51,10,0,6,46,14,1,13,2,0,7,31,134,44.6666666666667,6.1,6.25,1.791,4.77,87,0.354,0.405,0.503,0.908,0.406,8.6,22.1,6.2,15.9,9.27,2.62,1.21,13.5,43,28,8,54.4,35.4,10.1,1.54,808,45.2,26.3,73.7,11.9,27.8,16,61.1,40,3,5,0,1,0,1,0,0,1,1055,3,1.3,1.12,-9.3,10.7116666666667,4.48,88,3.96,78,6.56,117,120,17.88,3.42,"NO","P"
"12","2026","Overall","All",641506,"Adrian De Horta","LAR","R","Diestro","SP","Abridor",31,"USA","La Puente",18,14,274,226,57,34,13,2,8,41,39,0,39,6,1,1,35,177,59,6.22,5.34,1.627,6.74,123,0.252,0.375,0.434,0.809,0.369,1.3,15,14.2,0.8,6.25,5.95,1.22,8.69,52,75,9,38.2,55.1,6.6,0.69,1052,44.2,22.4,77.6,9.9,25,15.1,59.3,41,1,4,0,0,0,0,0,0,0,1052,13,0.1,-1.08,-4,11.991,6.68,131,7.05,139,6.4,114,122,17.73,1.05,"NO","P"
"13","2026","vs_LHB","L",641506,"Adrian De Horta","LAR","R","Diestro","SP","Abridor",31,"USA","La Puente",18,NA,117,94,21,8,9,2,2,21,18,0,18,3,1,0,15,78,26,6.22,5.19,1.5,5.89,107,0.223,0.362,0.426,0.788,0.356,-0.9,17.9,15.4,2.5,7.27,6.23,0.69,7.27,18,33,3,33.3,61.1,5.6,0.55,474,44.5,25.1,74.9,11.2,25.7,14.6,59.1,41,1,4,0,0,0,0,0,0,0,1052,13,0.1,-1.08,-4,11.991,6.68,131,7.05,139,6.4,114,122,17.73,1.05,"NO","P"
"14","2026","vs_RHB","R",641506,"Adrian De Horta","LAR","R","Diestro","SP","Abridor",31,"USA","La Puente",18,NA,157,132,36,26,4,0,6,20,21,0,21,3,0,1,20,99,33,6.22,5.45,1.727,7.41,135,0.273,0.385,0.439,0.824,0.379,2.3,12.7,13.4,-0.7,5.45,5.73,1.64,9.82,34,42,6,41.5,51.2,7.3,0.81,578,43.9,20.1,79.9,8.8,24.4,15.6,59.5,41,1,4,0,0,0,0,0,0,0,1052,13,0.1,-1.08,-4,11.991,6.68,131,7.05,139,6.4,114,122,17.73,1.05,"NO","P"
"15","2026","Overall","All",661309,"Adrián Martinez","CHI","R","Diestro","SP","Abridor",29,"Mexico","Mexicali",3,2,23,22,8,6,2,0,0,3,1,0,1,0,0,1,8,13,4.33333333333333,10.38,16.62,2.077,3.39,62,0.364,0.391,0.455,0.846,0.382,0.4,13,4.3,8.7,6.23,2.08,0,16.62,4,5,0,44.4,55.6,0,0.8,100,43,18.6,81.4,8,24,16,59,5,0,2,0,0,0,0,0,0,0,100,1,0.1,2.31,-5.5,10.8738333333333,3.29,65,5.33,105,19.76,353,204,23.08,3,"NO","P"
"16","2026","vs_LHB","L",661309,"Adrián Martinez","CHI","R","Diestro","SP","Abridor",29,"Mexico","Mexicali",3,NA,14,13,3,2,1,0,0,3,1,0,1,0,0,1,4,10,3.33333333333333,10.38,10.8,1.2,3.18,58,0.231,0.286,0.308,0.594,0.275,-1.2,21.4,7.1,14.3,8.1,2.7,0,8.1,3,3,0,50,50,0,1,65,40,11.5,88.5,4.6,23.1,18.5,58.5,5,0,2,0,0,0,0,0,0,0,100,1,0.1,2.31,-5.5,10.8738333333333,3.29,65,5.33,105,19.76,353,204,23.08,3,"NO","P"
"17","2026","vs_RHB","R",661309,"Adrián Martinez","CHI","R","Diestro","SP","Abridor",29,"Mexico","Mexicali",3,NA,9,9,5,4,1,0,0,0,0,0,0,0,0,0,4,3,1,10.38,36,5,4.08,74,0.556,0.556,0.667,1.223,0.548,1.6,0,0,0,0,0,0,45,1,2,0,33.3,66.7,0,0.5,35,48.6,29.4,70.6,14.3,25.7,11.4,60,5,0,2,0,0,0,0,0,0,0,100,1,0.1,2.31,-5.5,10.8738333333333,3.29,65,5.33,105,19.76,353,204,23.08,3,"NO","P"
"18","2026","Overall","All",594105,"Aldo Montes","LAG","R","Diestro","SP","Abridor",36,"Mexico","Tijuana Baja",16,12,256,204,63,46,10,1,6,40,30,0,30,19,2,10,42,152,50.6666666666667,7.54,7.46,1.836,6.94,127,0.309,0.439,0.456,0.895,0.418,13.6,15.6,11.7,3.9,7.11,5.33,1.07,11.19,57,36,12,54.3,34.3,11.4,1.58,966,41.7,26.6,73.4,11.1,28.4,17.3,59,43,1,4,0,0,0,0,0,0,0,966,6,0,-1.26,-18.9,12.0706875,6.86,135,6.51,128,8.63,154,148,18.82,1.33,"NO","P"
"19","2026","vs_LHB","L",594105,"Aldo Montes","LAG","R","Diestro","SP","Abridor",36,"Mexico","Tijuana Baja",16,NA,100,74,23,17,3,1,2,12,16,0,16,9,0,2,19,54,18,7.54,9.5,2.167,8.36,153,0.311,0.485,0.459,0.944,0.449,8.3,12,16,-4,6,8,1,11.5,23,13,5,56.1,31.7,12.2,1.77,391,37.6,24.5,75.5,9.2,25.1,15.9,53.5,43,1,4,0,0,0,0,0,0,0,966,6,0,-1.26,-18.9,12.0706875,6.86,135,6.51,128,8.63,154,148,18.82,1.33,"NO","P"
"20","2026","vs_RHB","R",594105,"Aldo Montes","LAG","R","Diestro","SP","Abridor",36,"Mexico","Tijuana Baja",16,NA,156,130,40,29,7,0,4,28,14,0,14,10,2,8,23,98,32.6666666666667,7.54,6.34,1.653,6.16,112,0.308,0.41,0.454,0.864,0.398,5.2,17.9,9,8.9,7.71,3.86,1.1,11.02,34,23,7,53.1,35.9,10.9,1.48,575,44.5,27.7,72.3,12.3,30.6,18.3,62.8,43,1,4,0,0,0,0,0,0,0,966,6,0,-1.26,-18.9,12.0706875,6.86,135,6.51,128,8.63,154,148,18.82,1.33,"NO","P"
"21","2026","Overall","All",672598,"Alemao Hernandez","OAX","L","Zurdo","SP","Abridor",26,"Mexico","Guadalajara",24,9,257,236,88,68,10,2,8,34,17,0,17,0,1,6,34,158,52.6666666666667,6.54,5.81,1.994,5.73,105,0.373,0.413,0.534,0.947,0.418,13.6,13.2,6.6,6.6,5.81,2.91,1.37,15.04,53,63,6,43.4,51.6,4.9,0.84,893,47,14,86,6.6,25,18.4,65.4,39,2,6,0,0,0,0,0,0,0,916,1,0.3,-0.07,-7.6,11.4248266666667,5.67,111,5.67,111,6.6,118,128,17.07,1.94,"NO","P"
"22","2026","vs_LHB","L",672598,"Alemao Hernandez","OAX","L","Zurdo","SP","Abridor",26,"Mexico","Guadalajara",23,NA,102,94,38,31,5,0,2,11,6,0,6,0,0,1,12,59,19.6666666666667,6.54,5.49,2.237,5.2,95,0.404,0.44,0.521,0.961,0.433,6.9,10.8,5.9,4.9,5.03,2.75,0.92,17.39,16,28,3,34,59.6,6.4,0.57,333,51.4,14.6,85.4,7.5,25.5,18,69.4,39,2,6,0,0,0,0,0,0,0,916,1,0.3,-0.07,-7.6,11.4248266666667,5.67,111,5.67,111,6.6,118,128,17.07,1.94,"NO","P"
"23","2026","vs_RHB","R",672598,"Alemao Hernandez","OAX","L","Zurdo","SP","Abridor",26,"Mexico","Guadalajara",20,NA,155,142,50,37,5,2,6,23,11,0,11,0,1,5,22,99,33,6.54,6,1.848,6.05,110,0.352,0.396,0.542,0.938,0.409,6.8,14.8,7.1,7.7,6.27,3,1.64,13.64,37,35,3,49.3,46.7,4,1.06,560,44.5,13.7,86.3,6.1,24.6,18.6,63,39,2,6,0,0,0,0,0,0,0,916,1,0.3,-0.07,-7.6,11.4248266666667,5.67,111,5.67,111,6.6,118,128,17.07,1.94,"NO","P"
"24","2026","Overall","All",604596,"Alex Delgado","TIG","L","Zurdo","SP","Abridor",31,"Mexico","Mexicali",5,4,89,78,19,12,5,0,2,15,6,0,6,3,0,1,13,61,20.3333333333333,5.75,5.75,1.23,5.21,95,0.244,0.322,0.385,0.707,0.323,-3.6,16.9,6.7,10.2,6.64,2.66,0.89,8.41,29,13,3,64.4,28.9,6.7,2.23,324,48.1,19.9,80.1,9.6,24.7,15.1,63.3,13,1,2,0,0,0,0,0,0,1,324,1,0.3,0.44,-1.2,11.1052,5.16,101,4.96,97,6.27,112,113,15.93,2.5,"NO","P"
"25","2026","vs_LHB","L",604596,"Alex Delgado","TIG","L","Zurdo","SP","Abridor",31,"Mexico","Mexicali",5,NA,31,29,6,2,3,0,1,9,2,0,2,0,0,0,5,23,7.66666666666667,5.75,5.87,1.043,4.21,77,0.207,0.258,0.414,0.672,0.288,-2.3,29,6.5,22.5,10.57,2.35,1.17,7.04,8,7,0,53.3,46.7,0,1.14,123,46.3,22.8,77.2,10.6,26,15.4,61.8,13,1,2,0,0,0,0,0,0,1,324,1,0.3,0.44,-1.2,11.1052,5.16,101,4.96,97,6.27,112,113,15.93,2.5,"NO","P"
"26","2026","vs_RHB","R",604596,"Alex Delgado","TIG","L","Zurdo","SP","Abridor",31,"Mexico","Mexicali",5,NA,58,49,13,10,2,0,1,6,4,0,4,3,0,1,8,38,12.6666666666667,5.75,5.68,1.342,5.82,106,0.265,0.357,0.367,0.724,0.343,-1.2,10.3,6.9,3.4,4.26,2.84,0.71,9.24,21,6,3,70,20,10,3.5,201,49.3,18.2,81.8,9,23.9,14.9,64.2,13,1,2,0,0,0,0,0,0,1,324,1,0.3,0.44,-1.2,11.1052,5.16,101,4.96,97,6.27,112,113,15.93,2.5,"NO","P"
"27","2026","Overall","All",840328,"Amilcar Carreon","MVA","L","Zurdo","SP","Abridor",18,"Mexico","Monclova",13,12,217,197,53,40,11,0,2,31,14,0,14,2,2,3,19,148,49.3333333333333,3.65,3.47,1.358,4.32,79,0.269,0.321,0.355,0.676,0.311,-11.3,14.3,6.5,7.8,5.66,2.55,0.36,9.67,54,46,11,48.6,41.4,9.9,1.17,843,44.8,22,78,9.8,26.5,16.6,61.4,20,3,1,0,0,0,0,0,0,0,843,4,1.3,1.34,9.1,10.5564871794872,4.26,84,5.31,104,3.67,66,72,17.09,2.21,"NO","P"
"28","2026","vs_LHB","L",840328,"Amilcar Carreon","MVA","L","Zurdo","SP","Abridor",18,"Mexico","Monclova",12,NA,54,48,14,12,2,0,0,5,5,0,5,1,0,1,4,35,11.6666666666667,3.65,3.09,1.629,4.77,87,0.292,0.37,0.333,0.703,0.339,-1.3,9.3,9.3,0,3.86,3.86,0,10.8,13,13,3,44.8,44.8,10.3,1,212,42.5,18.9,81.1,8,24.5,16.5,59,20,3,1,0,0,0,0,0,0,0,843,4,1.3,1.34,9.1,10.5564871794872,4.26,84,5.31,104,3.67,66,72,17.09,2.21,"NO","P"
"29","2026","vs_RHB","R",840328,"Amilcar Carreon","MVA","L","Zurdo","SP","Abridor",18,"Mexico","Monclova",13,NA,163,149,39,28,9,0,2,26,9,0,9,1,2,2,15,113,37.6666666666667,3.65,3.58,1.274,4.19,76,0.262,0.304,0.362,0.666,0.301,-10.1,16,5.5,10.5,6.21,2.15,0.48,9.32,41,33,8,50,40.2,9.8,1.24,631,45.6,22.9,77.1,10.5,27.1,16.6,62.3,20,3,1,0,0,0,0,0,0,0,843,4,1.3,1.34,9.1,10.5564871794872,4.26,84,5.31,104,3.67,66,72,17.09,2.21,"NO","P"
"30","2026","Overall","All",810862,"Angel Lopez","LEO","L","Zurdo","SP","Abridor",23,"Mexico","Mexicali",20,1,102,87,36,29,4,0,3,11,10,0,10,3,2,1,21,53,17.6666666666667,12.23,10.7,2.604,7.25,132,0.414,0.48,0.563,1.043,0.468,10.4,10.8,9.8,1,5.6,5.09,1.53,18.34,21,16,5,50,38.1,11.9,1.31,388,40.5,14.6,85.4,5.9,21.9,16,56.4,24,0,0,0,0,1,0,0,0,0,388,3,-0.2,-1.68,-10.7,11.6408,7.28,143,6.57,129,12.56,224,240,21.96,1.1,"NO","P"
"31","2026","vs_LHB","L",810862,"Angel Lopez","LEO","L","Zurdo","SP","Abridor",23,"Mexico","Mexicali",18,NA,51,46,16,12,3,0,1,7,3,0,3,2,0,0,8,29,9.66666666666667,12.23,7.45,1.966,5.53,101,0.348,0.412,0.478,0.89,0.405,2.1,13.7,5.9,7.8,6.52,2.79,0.93,14.9,10,8,5,43.5,34.8,21.7,1.25,186,41.4,19.5,80.5,8.1,24.7,16.7,58.1,24,0,0,0,0,1,0,0,0,0,388,3,-0.2,-1.68,-10.7,11.6408,7.28,143,6.57,129,12.56,224,240,21.96,1.1,"NO","P"
"32","2026","vs_RHB","R",810862,"Angel Lopez","LEO","L","Zurdo","SP","Abridor",23,"Mexico","Mexicali",18,NA,51,41,20,17,1,0,2,4,7,0,7,1,2,1,13,24,8,12.23,14.62,3.375,9.33,170,0.488,0.549,0.659,1.208,0.53,8.3,7.8,13.7,-5.9,4.5,7.88,2.25,22.5,11,8,0,57.9,42.1,0,1.38,202,39.6,10,90,4,19.3,15.3,55,24,0,0,0,0,1,0,0,0,0,388,3,-0.2,-1.68,-10.7,11.6408,7.28,143,6.57,129,12.56,224,240,21.96,1.1,"NO","P"
"33","2026","Overall","All",667373,"Angel Rondón","VER","R","Diestro","SP","Abridor",28,"Dominican Republic","Higuey",36,2,195,167,48,31,9,2,6,30,19,1,18,3,3,2,35,126,42,6.43,7.5,1.571,6.01,110,0.287,0.365,0.473,0.838,0.37,1.1,15.4,9.2,6.2,6.43,3.86,1.29,10.29,47,41,5,50.5,44.1,5.4,1.15,743,47.9,27.5,72.5,13.2,26.2,13.1,61,30,2,4,0,1,3,1,0,0,1,744,3,0,-0.28,-10.8,11.4544444444444,5.88,116,5.66,111,7.29,130,126,17.71,1.67,"NO","P"
"34","2026","vs_LHB","L",667373,"Angel Rondón","VER","R","Diestro","SP","Abridor",28,"Dominican Republic","Higuey",35,NA,82,67,16,9,2,0,5,12,11,1,10,1,1,2,19,56,18.6666666666667,6.43,9.16,1.393,8.04,147,0.239,0.35,0.493,0.843,0.369,0.4,14.6,12.2,2.4,5.79,4.82,2.41,7.71,21,21,2,47.7,47.7,4.5,1,326,41.4,26.7,73.3,11,23.6,12.6,54,30,2,4,0,1,3,1,0,0,1,744,3,0,-0.28,-10.8,11.4544444444444,5.88,116,5.66,111,7.29,130,126,17.71,1.67,"NO","P"
"35","2026","vs_RHB","R",667373,"Angel Rondón","VER","R","Diestro","SP","Abridor",28,"Dominican Republic","Higuey",34,NA,113,100,32,22,7,2,1,18,8,0,8,2,2,0,16,70,23.3333333333333,6.43,6.17,1.714,4.38,80,0.32,0.375,0.46,0.835,0.37,0.7,15.9,7.1,8.8,6.94,3.09,0.39,12.34,26,20,3,53.1,40.8,6.1,1.3,417,53,28.1,71.9,14.9,28.3,13.4,66.4,30,2,4,0,1,3,1,0,0,1,744,3,0,-0.28,-10.8,11.4544444444444,5.88,116,5.66,111,7.29,130,126,17.71,1.67,"NO","P"
"36","2026","Overall","All",687424,"Anthony Maldonado","CAM","R","Diestro","SP","Abridor",28,"USA","Wellington",13,2,56,48,10,6,0,1,3,13,6,0,6,0,1,1,7,42,14,2.93,4.5,1.143,6.29,115,0.208,0.291,0.438,0.729,0.313,-2.8,23.2,10.7,12.5,8.36,3.86,1.93,6.43,7,20,0,25.9,74.1,0,0.35,201,43.8,35.2,64.8,15.4,31.3,15.9,59.7,5,3,0,0,0,1,0,0,0,0,218,2,0,-0.21,3,11.43775,5.81,114,5.45,107,2.98,53,58,14.22,2.5,"NO","P"
"37","2026","vs_LHB","L",687424,"Anthony Maldonado","CAM","R","Diestro","SP","Abridor",28,"USA","Wellington",11,NA,21,18,4,3,0,0,1,7,3,0,3,0,0,0,3,15,5,2.93,5.4,1.4,5.68,104,0.222,0.333,0.389,0.722,0.333,-0.6,33.3,14.3,19,12.6,5.4,1.8,7.2,3,5,0,37.5,62.5,0,0.6,86,44.2,39.5,60.5,17.4,32.6,15.1,59.3,5,3,0,0,0,1,0,0,0,0,218,2,0,-0.21,3,11.43775,5.81,114,5.45,107,2.98,53,58,14.22,2.5,"NO","P"
"38","2026","vs_RHB","R",687424,"Anthony Maldonado","CAM","R","Diestro","SP","Abridor",28,"USA","Wellington",13,NA,35,30,6,3,0,1,2,6,3,0,3,0,1,1,4,27,9,2.93,4,1,6.64,121,0.2,0.265,0.467,0.732,0.301,-2.2,17.1,8.6,8.5,6,3,2,6,4,15,0,21.1,78.9,0,0.27,115,43.5,32,68,13.9,30.4,16.5,60,5,3,0,0,0,1,0,0,0,0,218,2,0,-0.21,3,11.43775,5.81,114,5.45,107,2.98,53,58,14.22,2.5,"NO","P"
"39","2026","vs_RHB","R",686830,"Avery Weems","DUR","L","Zurdo",NA,NA,NA,NA,NA,1,NA,10,10,1,0,1,0,0,4,0,0,0,0,0,0,0,9,3,0,0,0.333,1.41,26,0.1,0.1,0.2,0.3,0.121,-2.4,40,0,40,12,0,0,3,2,2,1,40,40,20,1,36,44.4,43.8,56.2,19.4,44.4,25,69.4,0,0,0,0,0,0,0,0,0,0,36,0,0.2,4.25,1.9,9.275,1.35,27,2.47,49,0,0,0,12,NA,"NO","P"
"40","2026","Overall","All",592411,"Ben Holmes","AGS","L","Zurdo","SP","Abridor",34,"USA","Clackamas",8,7,156,139,46,30,9,1,6,18,13,0,13,1,2,8,25,107,35.6666666666667,6.5,6.31,1.654,6.44,118,0.331,0.387,0.54,0.927,0.402,5.8,11.5,8.3,3.2,4.54,3.28,1.51,11.61,29,47,5,35.8,58,6.2,0.62,563,48.7,18.2,81.8,8.9,27.4,18.5,67.1,26,1,3,0,0,0,0,0,0,0,563,1,0.2,-0.75,-4.3,11.9625,6.35,125,6.38,125,6.75,121,128,15.64,1.38,"NO","P"
"41","2026","vs_LHB","L",592411,"Ben Holmes","AGS","L","Zurdo","SP","Abridor",34,"USA","Clackamas",7,NA,39,36,13,10,0,0,3,5,2,0,2,0,1,1,9,26,8.66666666666667,6.5,9.35,1.731,8.12,148,0.361,0.385,0.611,0.996,0.422,2.2,12.8,5.1,7.7,5.19,2.08,3.12,13.5,9,10,2,42.9,47.6,9.5,0.9,137,50.4,15.9,84.1,8,29.2,21.2,71.5,26,1,3,0,0,0,0,0,0,0,563,1,0.2,-0.75,-4.3,11.9625,6.35,125,6.38,125,6.75,121,128,15.64,1.38,"NO","P"
"42","2026","vs_RHB","R",592411,"Ben Holmes","AGS","L","Zurdo","SP","Abridor",34,"USA","Clackamas",8,NA,117,103,33,20,9,1,3,13,11,0,11,1,1,7,16,81,27,6.5,5.33,1.63,5.89,107,0.32,0.388,0.515,0.903,0.395,3.6,11.1,9.4,1.7,4.33,3.67,1,11,20,37,3,33.3,61.7,5,0.54,426,48.1,19,81,9.2,26.8,17.6,65.7,26,1,3,0,0,0,0,0,0,0,563,1,0.2,-0.75,-4.3,11.9625,6.35,125,6.38,125,6.75,121,128,15.64,1.38,"NO","P"
"43","2026","Overall","All",673872,"Bobby Milacki","CAM","R","Diestro","SP","Abridor",29,"USA","Lake Havasu City",17,16,308,284,85,56,22,0,7,46,19,0,19,0,3,4,41,207,69,4.89,5.35,1.507,4.89,89,0.299,0.34,0.451,0.791,0.348,-4.8,14.9,6.2,8.7,6,2.48,0.91,11.09,70,75,10,45.2,48.4,6.5,0.93,1128,47.9,21.9,78.1,10.5,28,17.6,65.4,38,2,4,0,0,0,0,0,0,0,1128,3,1.5,0.78,-2.2,10.8647058823529,4.82,95,5.32,105,5.66,101,96,16.11,2.42,"NO","P"
"44","2026","vs_LHB","L",673872,"Bobby Milacki","CAM","R","Diestro","SP","Abridor",29,"USA","Lake Havasu City",17,NA,181,163,57,35,16,0,6,24,15,0,15,0,3,2,31,110,36.6666666666667,4.89,7.61,1.964,6.13,112,0.35,0.398,0.558,0.956,0.413,8.7,13.3,8.3,5,5.89,3.68,1.47,13.99,34,44,6,40.5,52.4,7.1,0.77,671,46.3,19.6,80.4,9.1,26.4,17.3,63.6,38,2,4,0,0,0,0,0,0,0,1128,3,1.5,0.78,-2.2,10.8647058823529,4.82,95,5.32,105,5.66,101,96,16.11,2.42,"NO","P"
"45","2026","vs_RHB","R",673872,"Bobby Milacki","CAM","R","Diestro","SP","Abridor",29,"USA","Lake Havasu City",16,NA,127,121,28,21,6,0,1,22,4,0,4,0,0,2,10,97,32.3333333333333,4.89,2.78,0.99,3.49,64,0.231,0.256,0.306,0.562,0.254,-13.7,17.3,3.1,14.2,6.12,1.11,0.28,7.79,36,31,4,50.7,43.7,5.6,1.16,457,50.1,24.9,75.1,12.5,30.4,17.9,68.1,38,2,4,0,0,0,0,0,0,0,1128,3,1.5,0.78,-2.2,10.8647058823529,4.82,95,5.32,105,5.66,101,96,16.11,2.42,"NO","P"
"46","2026","Overall","All",835985,"Brady Miller","MVA","R","Diestro","SP","Abridor",26,"USA","Pembroke Pines",3,3,72,67,22,18,3,0,1,12,4,0,4,0,1,1,9,47,15.6666666666667,3.94,5.17,1.66,4.14,76,0.328,0.361,0.418,0.779,0.352,-0.8,16.7,5.6,11.1,6.89,2.3,0.57,12.64,13,14,6,39.4,42.4,18.2,0.93,243,51.9,21.4,78.6,11.1,26.3,15.2,67.1,7,1,2,0,0,0,0,0,0,0,243,0,0.5,1.52,0.5,10.0488888888889,4.08,80,4.74,93,5.06,90,77,15.19,3,"NO","P"
"47","2026","vs_LHB","L",835985,"Brady Miller","MVA","R","Diestro","SP","Abridor",26,"USA","Pembroke Pines",3,NA,25,22,6,5,1,0,0,4,2,0,2,0,1,0,4,17,5.66666666666667,3.94,6.35,1.412,3.73,68,0.273,0.32,0.318,0.638,0.297,-1.6,16,8,8,6.35,3.18,0,9.53,5,5,2,41.7,41.7,16.7,1,90,47.8,20.9,79.1,10,22.2,12.2,60,7,1,2,0,0,0,0,0,0,0,243,0,0.5,1.52,0.5,10.0488888888889,4.08,80,4.74,93,5.06,90,77,15.19,3,"NO","P"
"48","2026","vs_RHB","R",835985,"Brady Miller","MVA","R","Diestro","SP","Abridor",26,"USA","Pembroke Pines",3,NA,47,45,16,13,2,0,1,8,2,0,2,0,0,1,5,30,10,3.94,4.5,1.8,4.38,80,0.356,0.383,0.467,0.85,0.382,0.8,17,4.3,12.7,7.2,1.8,0.9,14.4,8,9,4,38.1,42.9,19,0.89,153,54.2,21.7,78.3,11.8,28.8,17,71.2,7,1,2,0,0,0,0,0,0,0,243,0,0.5,1.52,0.5,10.0488888888889,4.08,80,4.74,93,5.06,90,77,15.19,3,"NO","P"
"49","2026","Overall","All",805749,"Brady Tedesco","TIG","L","Zurdo","SP","Abridor",29,"USA","Greeley",7,7,91,76,27,19,4,0,4,15,8,0,8,4,2,0,22,53,17.6666666666667,12.74,11.21,1.981,7.36,134,0.355,0.433,0.566,0.999,0.439,6.7,16.5,8.8,7.7,7.64,4.08,2.04,13.75,11,22,5,28.9,57.9,13.2,0.5,310,42.6,23.5,76.5,10,31.9,21.9,64.5,25,2,5,0,0,0,0,0,0,0,310,0,-0.1,-1.79,-12.2,12.1330476190476,7.39,145,6.51,128,13.08,234,250,17.55,1.88,"NO","P"
"50","2026","vs_LHB","L",805749,"Brady Tedesco","TIG","L","Zurdo","SP","Abridor",29,"USA","Greeley",7,NA,36,26,12,9,1,0,2,4,5,0,5,3,2,0,11,17,5.66666666666667,12.74,17.47,3,11.49,210,0.462,0.556,0.731,1.287,0.547,6.5,11.1,13.9,-2.8,6.35,7.94,3.18,19.06,4,6,2,33.3,50,16.7,0.67,128,35.2,22.2,77.8,7.8,29.7,21.9,57,25,2,5,0,0,0,0,0,0,0,310,0,-0.1,-1.79,-12.2,12.1330476190476,7.39,145,6.51,128,13.08,234,250,17.55,1.88,"NO","P"
"51","2026","vs_RHB","R",805749,"Brady Tedesco","TIG","L","Zurdo","SP","Abridor",29,"USA","Greeley",7,NA,55,50,15,10,3,0,2,11,3,0,3,1,0,0,11,36,12,12.74,8.25,1.5,5.41,99,0.3,0.352,0.48,0.832,0.367,0.2,20,5.5,14.5,8.25,2.25,1.5,11.25,7,16,3,26.9,61.5,11.5,0.44,182,47.8,24.1,75.9,11.5,33.5,22,69.8,25,2,5,0,0,0,0,0,0,0,310,0,-0.1,-1.79,-12.2,12.1330476190476,7.39,145,6.51,128,13.08,234,250,17.55,1.88,"NO","P"
"52","2026","Overall","All",842334,"Brander Guevara","QRO","R","Diestro","SP","Abridor",23,"Cuba","La Habana",11,8,163,139,46,33,6,1,6,21,21,0,21,1,0,4,34,99,33,10.36,9.27,2.03,7.17,131,0.331,0.422,0.518,0.94,0.421,9.1,12.9,12.9,0,5.73,5.73,1.64,12.55,36,34,6,47.4,44.7,7.9,1.06,642,42.1,18.9,81.1,7.9,23.4,15.4,57.5,38,1,4,0,0,1,0,0,0,0,642,1,-0.1,-1.51,-17.5,12.155,7.11,140,6.48,127,10.64,190,204,19.45,1,"NO","P"
"53","2026","vs_LHB","L",842334,"Brander Guevara","QRO","R","Diestro","SP","Abridor",23,"Cuba","La Habana",11,NA,80,69,28,19,5,1,3,10,10,0,10,1,0,1,21,43,14.3333333333333,10.36,13.19,2.651,7.71,141,0.406,0.488,0.638,1.126,0.491,10,12.5,12.5,0,6.28,6.28,1.88,17.58,18,15,1,52.9,44.1,2.9,1.2,302,43.7,22,78,9.6,22.2,12.6,56.3,38,1,4,0,0,1,0,0,0,0,642,1,-0.1,-1.51,-17.5,12.155,7.11,140,6.48,127,10.64,190,204,19.45,1,"NO","P"
"54","2026","vs_RHB","R",842334,"Brander Guevara","QRO","R","Diestro","SP","Abridor",23,"Cuba","La Habana",11,NA,83,70,18,14,1,0,3,11,11,0,11,0,0,3,13,56,18.6666666666667,10.36,6.27,1.554,6.76,123,0.257,0.358,0.4,0.758,0.351,-1.1,13.3,13.3,0,5.3,5.3,1.45,8.68,18,19,5,42.9,45.2,11.9,0.95,340,40.6,15.9,84.1,6.5,24.4,17.9,58.5,38,1,4,0,0,1,0,0,0,0,642,1,-0.1,-1.51,-17.5,12.155,7.11,140,6.48,127,10.64,190,204,19.45,1,"NO","P"
"55","2026","Overall","All",592165,"Brandon Brennan","LAG","R","Diestro","SP","Abridor",34,"USA","Mission Viejo",17,17,349,297,75,52,19,0,4,60,39,0,39,5,5,13,42,239,79.6666666666667,4.93,4.74,1.431,4.88,89,0.253,0.344,0.357,0.701,0.328,-12.3,17.2,11.2,6,6.78,4.41,0.45,8.47,77,65,14,49.4,41.7,9,1.18,1368,43.9,23.3,76.7,10.2,26.5,16.3,60.2,44,6,5,0,0,0,0,0,0,0,1368,7,1.7,0.78,1.4,10.7874705882353,4.82,95,5.53,109,5.39,96,97,17.03,1.54,"NO","P"
"56","2026","vs_LHB","L",592165,"Brandon Brennan","LAG","R","Diestro","SP","Abridor",34,"USA","Mission Viejo",16,NA,173,150,37,27,9,0,1,32,18,0,18,0,4,8,21,124,41.3333333333333,4.93,4.57,1.331,4.15,76,0.247,0.32,0.327,0.647,0.302,-10.5,18.5,10.4,8.1,6.97,3.92,0.22,8.06,36,35,5,47.4,46.1,6.6,1.03,705,44.3,20.8,79.2,9.2,24.5,15.3,59.6,44,6,5,0,0,0,0,0,0,0,1368,7,1.7,0.78,1.4,10.7874705882353,4.82,95,5.53,109,5.39,96,97,17.03,1.54,"NO","P"
"57","2026","vs_RHB","R",592165,"Brandon Brennan","LAG","R","Diestro","SP","Abridor",34,"USA","Mission Viejo",16,NA,176,147,38,25,10,0,3,28,21,0,21,5,1,5,21,115,38.3333333333333,4.93,4.93,1.539,5.67,103,0.259,0.368,0.388,0.756,0.353,-1.9,15.9,11.9,4,6.57,4.93,0.7,8.92,41,30,9,51.2,37.5,11.2,1.37,663,43.4,26,74,11.3,28.7,17.3,60.8,44,6,5,0,0,0,0,0,0,0,1368,7,1.7,0.78,1.4,10.7874705882353,4.82,95,5.53,109,5.39,96,97,17.03,1.54,"NO","P"
"58","2026","Overall","All",679001,"Braulio Torres-Perez","VER","L","Zurdo","SP","Abridor",33,"USA","Auburn",11,9,144,130,42,26,9,1,6,24,10,0,10,1,1,4,18,94,31.3333333333333,5.63,5.17,1.66,6.09,111,0.323,0.373,0.546,0.919,0.396,4.5,16.7,6.9,9.8,6.89,2.87,1.72,12.06,39,23,6,57.4,33.8,8.8,1.7,573,45.2,18.1,81.9,8.2,26.2,18,63.2,20,1,0,0,0,0,0,0,0,0,576,0,0.2,-0.39,-1.9,11.5890909090909,5.99,118,4.76,94,6.19,111,111,18,2.4,"NO","P"
"59","2026","vs_LHB","L",679001,"Braulio Torres-Perez","VER","L","Zurdo","SP","Abridor",33,"USA","Auburn",10,NA,38,35,11,7,2,0,2,5,2,0,2,1,0,1,7,25,8.33333333333333,5.63,7.56,1.56,7.08,129,0.314,0.368,0.543,0.911,0.396,1.2,13.2,5.3,7.9,5.4,2.16,2.16,11.88,9,7,4,45,35,20,1.29,165,46.1,17.1,82.9,7.9,24.8,17,63,20,1,0,0,0,0,0,0,0,0,576,0,0.2,-0.39,-1.9,11.5890909090909,5.99,118,4.76,94,6.19,111,111,18,2.4,"NO","P"
"60","2026","vs_RHB","R",679001,"Braulio Torres-Perez","VER","L","Zurdo","SP","Abridor",33,"USA","Auburn",10,NA,106,95,31,19,7,1,4,19,8,0,8,0,1,3,11,69,23,5.63,4.3,1.696,5.73,105,0.326,0.375,0.547,0.922,0.396,3.3,17.9,7.5,10.4,7.43,3.13,1.57,12.13,30,16,2,62.5,33.3,4.2,1.88,408,44.9,18.6,81.4,8.3,26.7,18.4,63.2,20,1,0,0,0,0,0,0,0,0,576,0,0.2,-0.39,-1.9,11.5890909090909,5.99,118,4.76,94,6.19,111,111,18,2.4,"NO","P"
"61","2026","Overall","All",572383,"Brian Moran","CAM","L","Zurdo","SP","Abridor",37,"USA","Rye",10,1,64,60,16,12,1,1,2,18,1,0,1,1,0,0,4,46,15.3333333333333,1.76,2.35,1.109,3.82,70,0.267,0.29,0.417,0.707,0.308,-3.5,28.1,1.6,26.5,10.57,0.59,1.17,9.39,14,13,1,50,46.4,3.6,1.08,252,51.6,23.8,76.2,12.3,32.9,20.6,72.2,3,2,0,1,1,0,0,0,0,0,252,0,0.3,1.84,4.4,10.9369333333333,3.76,74,3.37,66,1.79,32,35,16.43,18,"NO","P"
"62","2026","vs_LHB","L",572383,"Brian Moran","CAM","L","Zurdo","SP","Abridor",37,"USA","Rye",9,NA,19,17,6,4,1,1,0,7,0,0,0,0,0,0,1,13,4.33333333333333,1.76,2.08,1.385,0.85,16,0.353,0.353,0.529,0.882,0.37,0.1,36.8,0,36.8,14.54,0,0,12.46,1,3,0,25,75,0,0.33,74,56.8,33.3,66.7,18.9,37.8,18.9,75.7,3,2,0,1,1,0,0,0,0,0,252,0,0.3,1.84,4.4,10.9369333333333,3.76,74,3.37,66,1.79,32,35,16.43,18,"NO","P"
"63","2026","vs_RHB","R",572383,"Brian Moran","CAM","L","Zurdo","SP","Abridor",37,"USA","Rye",10,NA,45,43,10,8,0,0,2,11,1,0,1,1,0,0,3,33,11,1.76,2.45,1,4.99,91,0.233,0.267,0.372,0.639,0.284,-3.5,24.4,2.2,22.2,9,0.82,1.64,8.18,13,10,1,54.2,41.7,4.2,1.3,178,49.4,19.3,80.7,9.6,30.9,21.3,70.8,3,2,0,1,1,0,0,0,0,0,252,0,0.3,1.84,4.4,10.9369333333333,3.76,74,3.37,66,1.79,32,35,16.43,18,"NO","P"
"64","2026","Overall","All",571736,"Brooks Hall","MEX","R","Diestro","SP","Abridor",36,"USA","Anderson",4,2,42,38,11,7,3,0,1,6,3,0,3,0,0,2,5,31,10.3333333333333,4.35,4.35,1.355,5.05,92,0.289,0.341,0.447,0.788,0.35,-0.6,14.3,7.1,7.2,5.23,2.61,0.87,9.58,8,11,3,36.4,50,13.6,0.73,164,48.2,12.7,87.3,6.1,22.6,16.5,64.6,5,2,0,0,0,0,0,0,0,0,161,0,0.2,0.89,1,11.0254583333333,4.71,93,5.25,103,5.35,96,85,15.58,3,"NO","P"
"65","2026","vs_LHB","L",571736,"Brooks Hall","MEX","R","Diestro","SP","Abridor",36,"USA","Anderson",4,NA,15,14,5,2,2,0,1,1,1,0,1,0,0,1,2,11,3.66666666666667,4.35,4.91,1.636,7.9,144,0.357,0.4,0.714,1.114,0.462,1.4,6.7,6.7,0,2.45,2.45,2.45,12.27,2,5,2,22.2,55.6,22.2,0.4,55,52.7,13.8,86.2,7.3,20,12.7,65.5,5,2,0,0,0,0,0,0,0,0,161,0,0.2,0.89,1,11.0254583333333,4.71,93,5.25,103,5.35,96,85,15.58,3,"NO","P"
"66","2026","vs_RHB","R",571736,"Brooks Hall","MEX","R","Diestro","SP","Abridor",36,"USA","Anderson",4,NA,27,24,6,5,1,0,0,5,2,0,2,0,0,1,3,20,6.66666666666667,4.35,4.05,1.2,3.48,64,0.25,0.308,0.292,0.6,0.286,-2.1,18.5,7.4,11.1,6.75,2.7,0,8.1,6,6,1,46.2,46.2,7.7,1,109,45.9,12,88,5.5,23.9,18.3,64.2,5,2,0,0,0,0,0,0,0,0,161,0,0.2,0.89,1,11.0254583333333,4.71,93,5.25,103,5.35,96,85,15.58,3,"NO","P"
"67","2026","Overall","All",687560,"Bryant Salgado","YUC","R","Diestro","SP","Abridor",26,"Puerto Rico","Rio Piedras",8,8,112,98,33,21,8,2,2,16,10,0,10,2,2,4,16,72,24,6.75,6,1.792,5.33,97,0.337,0.402,0.52,0.922,0.403,4.3,14.3,8.9,5.4,6,3.75,0.75,12.38,26,21,3,52,42,6,1.24,410,46.6,14.1,85.9,6.6,22.9,16.3,62.9,18,1,3,0,0,0,0,0,0,1,410,1,0.4,0.33,-3,11.235,5.27,104,5.65,111,6.75,121,133,17.08,1.6,"NO","P"
"68","2026","vs_LHB","L",687560,"Bryant Salgado","YUC","R","Diestro","SP","Abridor",26,"Puerto Rico","Rio Piedras",8,NA,60,53,20,12,5,1,2,6,6,0,6,1,0,2,12,36,12,6.75,9,2.167,7,128,0.377,0.45,0.623,1.073,0.464,5.9,10,10,0,4.5,4.5,1.5,15,16,12,1,55.2,41.4,3.4,1.33,217,47.5,16.5,83.5,7.8,24,16.1,63.6,18,1,3,0,0,0,0,0,0,1,410,1,0.4,0.33,-3,11.235,5.27,104,5.65,111,6.75,121,133,17.08,1.6,"NO","P"
"69","2026","vs_RHB","R",687560,"Bryant Salgado","YUC","R","Diestro","SP","Abridor",26,"Puerto Rico","Rio Piedras",8,NA,52,45,13,9,3,1,0,10,4,0,4,1,2,2,4,36,12,6.75,3,1.417,3.66,67,0.289,0.346,0.4,0.746,0.333,-1.6,19.2,7.7,11.5,7.5,3,0,9.75,10,9,2,47.6,42.9,9.5,1.11,193,45.6,11.4,88.6,5.2,21.8,16.6,62.2,18,1,3,0,0,0,0,0,0,1,410,1,0.4,0.33,-3,11.235,5.27,104,5.65,111,6.75,121,133,17.08,1.6,"NO","P"
"70","2026","Overall","All",675655,"Bryce Bonnin","VER","R","Diestro","SP","Abridor",27,"USA","Webster",30,5,220,193,51,28,16,1,6,46,21,2,19,4,2,2,31,146,48.6666666666667,4.59,5.73,1.438,5.21,95,0.264,0.345,0.451,0.796,0.353,-2.4,20.9,8.6,12.3,8.51,3.51,1.11,9.43,40,55,6,39.6,54.5,5.9,0.73,871,47.8,22.8,77.2,10.9,24.5,13.5,61.3,25,6,2,0,1,2,1,0,0,0,870,5,0.5,0.46,6.4,11.2747777777778,5.14,101,5.43,107,5.14,92,90,17.76,2.19,"NO","P"
"71","2026","vs_LHB","L",675655,"Bryce Bonnin","VER","R","Diestro","SP","Abridor",27,"USA","Webster",29,NA,103,90,23,11,8,1,3,21,10,2,8,3,0,0,17,66,22,4.59,6.95,1.409,5.44,99,0.256,0.35,0.467,0.817,0.361,-0.3,20.4,7.8,12.6,8.59,3.27,1.23,9.41,16,29,3,33.3,60.4,6.2,0.55,410,50.7,20.2,79.8,10.2,22.2,12,62.7,25,6,2,0,1,2,1,0,0,0,870,5,0.5,0.46,6.4,11.2747777777778,5.14,101,5.43,107,5.14,92,90,17.76,2.19,"NO","P"
"72","2026","vs_RHB","R",675655,"Bryce Bonnin","VER","R","Diestro","SP","Abridor",27,"USA","Webster",29,NA,117,103,28,17,8,0,3,25,11,0,11,1,2,2,14,80,26.6666666666667,4.59,4.73,1.462,5.02,92,0.272,0.342,0.437,0.779,0.346,-2.1,21.4,9.4,12,8.44,3.71,1.01,9.45,24,26,3,45.3,49.1,5.7,0.92,461,45.1,25.5,74.5,11.5,26.5,15,60.1,25,6,2,0,1,2,1,0,0,0,870,5,0.5,0.46,6.4,11.2747777777778,5.14,101,5.43,107,5.14,92,90,17.76,2.19,"NO","P"
"73","2026","Overall","All",592761,"Caleb Smith","CHI","L","Zurdo","SP","Abridor",34,"USA","Huntsville",18,18,408,363,96,62,20,2,12,80,40,0,40,3,2,11,51,281,93.6666666666667,4.79,4.9,1.452,5.41,99,0.264,0.341,0.43,0.771,0.345,-7.6,19.6,9.8,9.8,7.69,3.84,1.15,9.22,75,104,14,38.9,53.9,7.3,0.72,1643,47.1,23.3,76.7,11,26.9,15.9,63.1,50,6,6,0,0,0,0,0,0,2,1643,6,1.5,0.25,4.8,11.1824074074074,5.35,105,5.53,109,5.07,91,94,17.48,2,"YES","P"
"74","2026","vs_LHB","L",592761,"Caleb Smith","CHI","L","Zurdo","SP","Abridor",34,"USA","Huntsville",14,NA,102,92,15,11,1,0,3,26,9,0,9,0,1,2,11,80,26.6666666666667,4.79,3.71,0.9,4.61,84,0.163,0.235,0.272,0.507,0.236,-12.8,25.5,8.8,16.7,8.78,3.04,1.01,5.06,19,29,5,35.8,54.7,9.4,0.66,410,47.1,26.9,73.1,12.7,28.8,16.1,63.2,50,6,6,0,0,0,0,0,0,2,1643,6,1.5,0.25,4.8,11.1824074074074,5.35,105,5.53,109,5.07,91,94,17.48,2,"YES","P"
"75","2026","vs_RHB","R",592761,"Caleb Smith","CHI","L","Zurdo","SP","Abridor",34,"USA","Huntsville",18,NA,306,271,81,51,19,2,9,54,31,0,31,3,1,9,40,201,67,4.79,5.37,1.672,5.74,105,0.299,0.376,0.483,0.859,0.381,5.1,17.6,10.1,7.5,7.25,4.16,1.21,10.88,56,75,9,40,53.6,6.4,0.75,1233,47.1,22,78,10.4,26.3,15.9,63,50,6,6,0,0,0,0,0,0,2,1643,6,1.5,0.25,4.8,11.1824074074074,5.35,105,5.53,109,5.07,91,94,17.48,2,"YES","P"
"76","2026","Overall","All",682027,"Cam Alldred","LAR","L","Zurdo","SP","Abridor",29,"USA","Batavia",10,10,173,153,55,32,13,0,10,29,18,0,18,1,1,5,34,107,35.6666666666667,9.34,8.58,2.047,7.7,141,0.359,0.428,0.641,1.069,0.457,15.8,16.8,10.4,6.4,7.32,4.54,2.52,13.88,40,32,6,51.3,41,7.7,1.25,664,47,21.8,78.2,10.2,26.1,15.8,62.8,37,0,7,0,0,0,0,0,0,1,664,1,-0.2,-2.08,-16.4,12.6202666666667,7.68,151,5.52,108,9.72,174,183,18.62,1.61,"NO","P"
"77","2026","vs_LHB","L",682027,"Cam Alldred","LAR","L","Zurdo","SP","Abridor",29,"USA","Batavia",9,NA,34,31,9,5,1,0,3,7,2,0,2,0,1,0,11,24,8,9.34,12.38,1.375,7.96,145,0.29,0.324,0.613,0.937,0.383,0.6,20.6,5.9,14.7,7.88,2.25,3.38,10.12,7,10,1,38.9,55.6,5.6,0.7,125,49.6,24.2,75.8,12,29.6,17.6,67.2,37,0,7,0,0,0,0,0,0,1,664,1,-0.2,-2.08,-16.4,12.6202666666667,7.68,151,5.52,108,9.72,174,183,18.62,1.61,"NO","P"
"78","2026","vs_RHB","R",682027,"Cam Alldred","LAR","L","Zurdo","SP","Abridor",29,"USA","Batavia",10,NA,139,122,46,27,12,0,7,22,16,0,16,1,0,5,23,83,27.6666666666667,9.34,7.48,2.241,7.62,139,0.377,0.453,0.648,1.101,0.475,15.1,15.8,11.5,4.3,7.16,5.2,2.28,14.96,33,22,5,55,36.7,8.3,1.5,539,46.4,21.2,78.8,9.8,25.2,15.4,61.8,37,0,7,0,0,0,0,0,0,1,664,1,-0.2,-2.08,-16.4,12.6202666666667,7.68,151,5.52,108,9.72,174,183,18.62,1.61,"NO","P"
"79","2026","Overall","All",665105,"Cameron Gann","YUC","R","Diestro","SP","Abridor",33,"USA","Crandall",15,10,221,185,59,42,13,0,4,32,29,1,28,2,3,1,40,134,44.6666666666667,8,8.06,1.948,5.83,106,0.319,0.411,0.454,0.865,0.395,6.7,14.5,12.7,1.8,6.45,5.64,0.81,11.89,31,57,8,32.3,59.4,8.3,0.54,861,46.5,20,80,9.3,23.9,14.6,61.1,40,1,2,0,0,0,0,0,0,0,862,9,0.4,-0.15,-16,11.475,5.75,113,6.72,132,9.2,164,157,19.16,1.1,"NO","P"
"80","2026","vs_LHB","L",665105,"Cameron Gann","YUC","R","Diestro","SP","Abridor",33,"USA","Crandall",15,NA,118,102,35,24,9,0,2,18,14,0,14,0,1,0,25,72,24,8,9.38,2.042,5.41,99,0.343,0.419,0.49,0.909,0.409,5.2,15.3,11.9,3.4,6.75,5.25,0.75,13.12,15,31,4,30,62,8,0.48,476,46.8,22,78,10.3,24.6,14.3,61.1,40,1,2,0,0,0,0,0,0,0,862,9,0.4,-0.15,-16,11.475,5.75,113,6.72,132,9.2,164,157,19.16,1.1,"NO","P"
"81","2026","vs_RHB","R",665105,"Cameron Gann","YUC","R","Diestro","SP","Abridor",33,"USA","Crandall",15,NA,103,83,24,18,4,0,2,14,15,1,14,2,2,1,15,62,20.6666666666667,8,6.53,1.839,6.31,115,0.289,0.402,0.41,0.812,0.379,1.5,13.6,13.6,0,6.1,6.1,0.87,10.45,16,26,4,34.8,56.5,8.7,0.62,385,46,17.5,82.5,8.1,23.1,15.1,61,40,1,2,0,0,0,0,0,0,0,862,9,0.4,-0.15,-16,11.475,5.75,113,6.72,132,9.2,164,157,19.16,1.1,"NO","P"
"82","2026","Overall","All",542266,"Carlos Contreras","LAR","R","Diestro","SP","Abridor",35,"Dominican Republic","Santo Domingo",4,4,54,50,9,6,1,0,2,10,4,0,4,0,0,0,5,39,13,2.03,3.46,1,5.46,100,0.18,0.241,0.32,0.561,0.253,-5.9,18.5,7.4,11.1,6.92,2.77,1.38,6.23,14,14,4,43.8,43.8,12.5,1,198,48,22.1,77.9,10.6,27.3,16.7,64.6,3,0,1,0,0,0,0,0,0,0,198,1,0.2,0.21,2.3,11.285375,5.39,106,5.2,102,3.44,61,40,14.85,2.5,"NO","P"
"83","2026","vs_LHB","L",542266,"Carlos Contreras","LAR","R","Diestro","SP","Abridor",35,"Dominican Republic","Santo Domingo",4,NA,25,22,5,3,0,0,2,4,3,0,3,0,0,0,2,16,5.33333333333333,2.03,3.38,1.5,9.14,167,0.227,0.32,0.5,0.82,0.355,-0.2,16,12,4,6.75,5.06,3.38,8.44,6,5,4,40,33.3,26.7,1.2,89,40.4,19.4,80.6,7.9,25.8,18,58.4,3,0,1,0,0,0,0,0,0,0,198,1,0.2,0.21,2.3,11.285375,5.39,106,5.2,102,3.44,61,40,14.85,2.5,"NO","P"
"84","2026","vs_RHB","R",542266,"Carlos Contreras","LAR","R","Diestro","SP","Abridor",35,"Dominican Republic","Santo Domingo",4,NA,29,28,4,3,1,0,0,6,1,0,1,0,0,0,3,23,7.66666666666667,2.03,3.52,0.652,2.91,53,0.143,0.172,0.179,0.351,0.165,-5.7,20.7,3.4,17.3,7.04,1.17,0,4.7,8,9,0,47.1,52.9,0,0.89,109,54.1,23.7,76.3,12.8,28.4,15.6,69.7,3,0,1,0,0,0,0,0,0,0,198,1,0.2,0.21,2.3,11.285375,5.39,106,5.2,102,3.44,61,40,14.85,2.5,"NO","P"
"85","2026","Overall","All",685461,"Cesar Gomez","JAL","R","Diestro","SP","Abridor",27,"USA","Ontario",19,11,264,231,62,42,9,4,7,55,25,0,25,5,2,10,37,179,59.6666666666667,4.92,5.58,1.458,5.27,96,0.268,0.35,0.433,0.783,0.35,-3.6,20.8,9.5,11.3,8.3,3.77,1.06,9.35,67,40,9,57.8,34.5,7.8,1.68,1002,47.8,25.3,74.7,12.1,27.1,15.1,62.9,33,1,3,0,0,0,0,0,0,0,1008,4,0.8,0.4,-0.7,11.1891228070175,5.2,102,4.8,94,5.69,102,97,16.71,2.2,"NO","P"
"86","2026","vs_LHB","L",685461,"Cesar Gomez","JAL","R","Diestro","SP","Abridor",27,"USA","Ontario",17,NA,116,100,21,13,5,2,1,28,14,0,14,1,0,4,12,82,27.3333333333333,4.92,3.95,1.28,4.15,76,0.21,0.313,0.33,0.643,0.3,-7.3,24.1,12.1,12,9.22,4.61,0.33,6.91,25,20,5,50,40,10,1.25,442,45.5,21.4,78.6,9.7,23.1,13.3,58.8,33,1,3,0,0,0,0,0,0,0,1008,4,0.8,0.4,-0.7,11.1891228070175,5.2,102,4.8,94,5.69,102,97,16.71,2.2,"NO","P"
"87","2026","vs_RHB","R",685461,"Cesar Gomez","JAL","R","Diestro","SP","Abridor",27,"USA","Ontario",18,NA,148,131,41,29,4,2,6,27,11,0,11,4,2,6,25,97,32.3333333333333,4.92,6.96,1.608,6.21,113,0.313,0.378,0.511,0.889,0.389,3.6,18.2,7.4,10.8,7.52,3.06,1.67,11.41,42,20,4,63.6,30.3,6.1,2.1,560,49.6,28.1,71.9,13.9,30.4,16.4,66.1,33,1,3,0,0,0,0,0,0,0,1008,4,0.8,0.4,-0.7,11.1891228070175,5.2,102,4.8,94,5.69,102,97,16.71,2.2,"NO","P"
"88","2026","Overall","All",681484,"Chase Cohen","VER","R","Diestro","SP","Abridor",29,"USA","Alpharetta",9,8,187,163,42,30,8,1,3,43,17,0,17,4,1,2,22,126,42,4.71,4.71,1.405,4.46,81,0.258,0.341,0.374,0.715,0.33,-6.2,23,9.1,13.9,9.21,3.64,0.64,9,33,39,6,42.3,50,7.7,0.85,714,46.5,25.3,74.7,11.8,28.2,16.4,62.9,22,1,3,0,0,0,0,0,0,1,714,6,1,1.2,3.1,10.4666666666667,4.4,86,4.99,98,4.93,88,93,17,2.53,"NO","P"
"89","2026","vs_LHB","L",681484,"Chase Cohen","VER","R","Diestro","SP","Abridor",29,"USA","Alpharetta",9,NA,101,84,22,15,6,0,1,20,13,0,13,2,1,0,12,65,21.6666666666667,4.71,4.98,1.615,4.91,90,0.262,0.37,0.369,0.739,0.349,-1.5,19.8,12.9,6.9,8.31,5.4,0.42,9.14,19,20,3,45.2,47.6,7.1,0.95,384,43.8,22,78,9.6,25.8,16.1,59.9,22,1,3,0,0,0,0,0,0,1,714,6,1,1.2,3.1,10.4666666666667,4.4,86,4.99,98,4.93,88,93,17,2.53,"NO","P"
"90","2026","vs_RHB","R",681484,"Chase Cohen","VER","R","Diestro","SP","Abridor",29,"USA","Alpharetta",9,NA,86,79,20,15,2,1,2,23,4,0,4,2,0,2,10,61,20.3333333333333,4.71,4.43,1.18,3.98,73,0.253,0.306,0.38,0.686,0.309,-4.6,26.7,4.7,22,10.18,1.77,0.89,8.85,14,19,3,38.9,52.8,8.3,0.74,330,49.7,28.7,71.3,14.2,30.9,16.7,66.4,22,1,3,0,0,0,0,0,0,1,714,6,1,1.2,3.1,10.4666666666667,4.4,86,4.99,98,4.93,88,93,17,2.53,"NO","P"
"91","2026","Overall","All",621079,"Collin Wiles","TIG","R","Diestro","SP","Abridor",32,"USA","Overland Park",11,11,224,206,52,39,9,1,3,37,10,0,10,1,2,3,16,164,54.6666666666667,2.78,2.63,1.134,4.04,74,0.252,0.288,0.35,0.638,0.287,-16.9,16.5,4.5,12,6.09,1.65,0.49,8.56,45,60,10,39.1,52.2,8.7,0.75,814,47.2,19,81,9,26.9,17.9,65.1,17,1,4,0,0,0,0,0,0,1,814,0,1.7,1.62,15.2,10.05,3.98,78,5.07,100,3.27,58,55,14.8,3.7,"NO","P"
"92","2026","vs_LHB","L",621079,"Collin Wiles","TIG","R","Diestro","SP","Abridor",32,"USA","Overland Park",11,NA,114,104,25,17,6,1,1,14,7,0,7,1,1,0,9,79,26.3333333333333,2.78,3.08,1.215,4.42,81,0.24,0.292,0.346,0.638,0.288,-8.5,12.3,6.1,6.2,4.78,2.39,0.34,8.54,27,31,5,42.9,49.2,7.9,0.87,426,45.8,10.3,89.7,4.7,23.2,18.5,64.3,17,1,4,0,0,0,0,0,0,1,814,0,1.7,1.62,15.2,10.05,3.98,78,5.07,100,3.27,58,55,14.8,3.7,"NO","P"
"93","2026","vs_RHB","R",621079,"Collin Wiles","TIG","R","Diestro","SP","Abridor",32,"USA","Overland Park",11,NA,110,102,27,22,3,0,2,23,3,0,3,0,1,3,7,85,28.3333333333333,2.78,2.22,1.059,3.69,67,0.265,0.283,0.353,0.636,0.285,-8.5,20.9,2.7,18.2,7.31,0.95,0.64,8.58,18,29,5,34.6,55.8,9.6,0.62,388,48.7,28,72,13.7,30.9,17.3,66,17,1,4,0,0,0,0,0,0,1,814,0,1.7,1.62,15.2,10.05,3.98,78,5.07,100,3.27,58,55,14.8,3.7,"NO","P"
"94","2026","Overall","All",663678,"Colton Eastman","TIG","R","Diestro","SP","Abridor",29,"USA","Fresno",7,6,112,95,30,17,9,0,4,18,13,0,13,0,2,2,18,70,23.3333333333333,7.23,6.94,1.843,6.44,118,0.316,0.391,0.537,0.928,0.403,4.3,16.1,11.6,4.5,6.94,5.01,1.54,11.57,25,22,3,50,44,6,1.14,426,42.5,20.4,79.6,8.7,23.5,14.8,57.3,19,1,4,0,0,0,0,0,0,0,426,1,0.1,-0.79,-6.7,11.836380952381,6.39,126,5.74,113,8.92,159,142,18,1.38,"NO","P"
"95","2026","vs_LHB","L",663678,"Colton Eastman","TIG","R","Diestro","SP","Abridor",29,"USA","Fresno",7,NA,66,57,17,9,7,0,1,11,6,0,6,0,1,1,11,43,14.3333333333333,7.23,6.91,1.605,4.71,86,0.298,0.359,0.474,0.833,0.366,0.1,16.7,9.1,7.6,6.91,3.77,0.63,10.67,15,11,3,51.7,37.9,10.3,1.36,251,45.4,21.9,78.1,10,23.9,13.9,59.4,19,1,4,0,0,0,0,0,0,0,426,1,0.1,-0.79,-6.7,11.836380952381,6.39,126,5.74,113,8.92,159,142,18,1.38,"NO","P"
"96","2026","vs_RHB","R",663678,"Colton Eastman","TIG","R","Diestro","SP","Abridor",29,"USA","Fresno",7,NA,46,38,13,8,2,0,3,7,7,0,7,0,1,1,7,27,9,7.23,7,2.222,9.19,168,0.342,0.435,0.632,1.067,0.455,4.1,15.2,15.2,0,7,7,3,13,10,11,0,47.6,52.4,0,0.91,175,38.3,17.9,82.1,6.9,22.9,16,54.3,19,1,4,0,0,0,0,0,0,0,426,1,0.1,-0.79,-6.7,11.836380952381,6.39,126,5.74,113,8.92,159,142,18,1.38,"NO","P"
"97","2026","Overall","All",641632,"Conner Greene","OAX","R","Diestro","SP","Abridor",31,"USA","Santa Monica",12,7,192,170,51,28,11,4,8,26,17,0,17,4,1,7,33,127,42.3333333333333,5.4,7.02,1.606,6.8,124,0.3,0.375,0.553,0.928,0.397,6.2,13.5,8.9,4.6,5.53,3.61,1.7,10.84,44,49,6,44.4,49.5,6.1,0.9,673,48,21.1,78.9,10.1,26.9,16.8,64.8,28,1,3,0,0,0,0,0,0,0,750,2,-0.2,-1.39,-4.3,12.2233076923077,6.99,137,6.23,122,6.04,108,106,16.07,1.32,"NO","P"
"98","2026","vs_LHB","L",641632,"Conner Greene","OAX","R","Diestro","SP","Abridor",31,"USA","Santa Monica",12,NA,99,84,27,14,8,1,4,15,14,0,14,1,0,4,17,62,20.6666666666667,5.4,7.4,1.984,7.32,134,0.321,0.424,0.583,1.007,0.437,7.1,15.2,14.1,1.1,6.53,6.1,1.74,11.76,17,26,2,37.8,57.8,4.4,0.65,367,45.5,24.6,75.4,11.2,26.7,15.5,61,28,1,3,0,0,0,0,0,0,0,750,2,-0.2,-1.39,-4.3,12.2233076923077,6.99,137,6.23,122,6.04,108,106,16.07,1.32,"NO","P"
"99","2026","vs_RHB","R",641632,"Conner Greene","OAX","R","Diestro","SP","Abridor",31,"USA","Santa Monica",12,NA,93,86,24,14,3,3,4,11,3,0,3,3,1,3,16,65,21.6666666666667,5.4,6.65,1.246,6.3,115,0.279,0.323,0.523,0.846,0.355,-0.8,11.8,3.2,8.6,4.57,1.25,1.66,9.97,27,23,4,50,42.6,7.4,1.17,306,51,17.3,82.7,8.8,27.1,18.3,69.3,28,1,3,0,0,0,0,0,0,0,750,2,-0.2,-1.39,-4.3,12.2233076923077,6.99,137,6.23,122,6.04,108,106,16.07,1.32,"NO","P"
"100","2026","Overall","All",650654,"Cristopher Molina","VER","R","Diestro","SP","Abridor",29,"Dominican Republic","Moca",17,15,336,292,86,54,22,1,9,65,26,1,25,7,4,6,51,224,74.6666666666667,5.06,6.15,1.487,5.19,95,0.295,0.362,0.469,0.831,0.368,1.3,19.3,7.4,11.9,7.83,3.01,1.08,10.37,56,75,15,38.4,51.4,10.3,0.75,1297,46.6,21.3,78.7,9.9,25.7,15.7,62.4,45,4,8,0,0,0,0,0,0,1,1380,3,1.3,0.52,-7.1,11.0350877192982,5.08,100,5.17,102,6.08,109,99,17.25,2.39,"NO","P"
"101","2026","vs_LHB","L",650654,"Cristopher Molina","VER","R","Diestro","SP","Abridor",29,"Dominican Republic","Moca",16,NA,175,153,51,30,12,1,8,30,15,1,14,2,3,3,37,112,37.3333333333333,5.06,8.92,1.741,6.54,119,0.333,0.393,0.582,0.975,0.417,9.1,17.1,8,9.1,7.23,3.38,1.93,12.29,32,39,8,40.5,49.4,10.1,0.82,685,47.3,20.7,79.3,9.8,24.1,14.3,61.6,45,4,8,0,0,0,0,0,0,1,1380,3,1.3,0.52,-7.1,11.0350877192982,5.08,100,5.17,102,6.08,109,99,17.25,2.39,"NO","P"
"102","2026","vs_RHB","R",650654,"Cristopher Molina","VER","R","Diestro","SP","Abridor",29,"Dominican Republic","Moca",17,NA,161,139,35,24,10,0,1,35,11,0,11,5,1,3,14,112,37.3333333333333,5.06,3.38,1.232,3.84,70,0.252,0.327,0.345,0.672,0.314,-7.9,21.7,6.8,14.9,8.44,2.65,0.24,8.44,24,36,7,35.8,53.7,10.4,0.67,612,45.9,22.1,77.9,10.1,27.5,17.3,63.2,45,4,8,0,0,0,0,0,0,1,1380,3,1.3,0.52,-7.1,11.0350877192982,5.08,100,5.17,102,6.08,109,99,17.25,2.39,"NO","P"
"103","2026","Overall","All",491624,"César Valdez","CHI","R","Diestro","SP","Abridor",41,"Dominican Republic","Santo Domingo",16,15,330,312,106,76,16,5,9,57,10,0,10,5,1,8,48,217,72.3333333333333,5.57,5.97,1.604,4.74,86,0.34,0.369,0.51,0.879,0.383,6.2,17.3,3,14.3,7.09,1.24,1.12,13.19,79,62,12,51.6,40.5,7.8,1.27,1143,51.5,20.7,79.3,10.7,28.3,17.6,69.1,45,1,9,0,0,1,0,0,0,1,1143,3,1.6,0.92,-4.8,10.7080833333333,4.68,92,4.5,88,6.61,118,109,15.73,5.7,"NO","P"
"104","2026","vs_LHB","L",491624,"César Valdez","CHI","R","Diestro","SP","Abridor",41,"Dominican Republic","Santo Domingo",15,NA,158,146,48,33,8,1,6,28,9,0,9,2,1,2,28,102,34,5.57,7.41,1.676,5.7,104,0.329,0.373,0.521,0.894,0.39,4,17.7,5.7,12,7.41,2.38,1.59,12.71,41,29,5,54.7,38.7,6.7,1.41,585,47.9,21.1,78.9,10.1,26.7,16.6,64.4,45,1,9,0,0,1,0,0,0,1,1143,3,1.6,0.92,-4.8,10.7080833333333,4.68,92,4.5,88,6.61,118,109,15.73,5.7,"NO","P"
"105","2026","vs_RHB","R",491624,"César Valdez","CHI","R","Diestro","SP","Abridor",41,"Dominican Republic","Santo Domingo",16,NA,172,166,58,43,8,4,3,29,1,0,1,3,0,6,20,115,38.3333333333333,5.57,4.7,1.539,3.9,71,0.349,0.365,0.5,0.865,0.376,2,16.9,0.6,16.3,6.81,0.23,0.7,13.62,38,33,7,48.7,42.3,9,1.15,558,55.4,20.4,79.6,11.3,29.9,18.6,74,45,1,9,0,0,1,0,0,0,1,1143,3,1.6,0.92,-4.8,10.7080833333333,4.68,92,4.5,88,6.61,118,109,15.73,5.7,"NO","P"
"106","2026","Overall","All",570714,"César Vargas","VER","R","Diestro","SP","Abridor",34,"Mexico","Puebla",35,1,150,127,37,27,8,1,1,31,19,1,18,2,1,4,33,95,31.6666666666667,7.31,9.38,1.737,4.43,81,0.291,0.389,0.394,0.783,0.366,0.3,20.7,12,8.7,8.81,5.12,0.28,10.52,37,19,3,62.7,32.2,5.1,1.95,600,44.3,29.7,70.3,13.2,27.7,14.5,58.8,26,4,0,1,3,8,2,0,0,0,601,11,0.5,1.24,-8.4,11.2110476190476,4.36,86,4.95,97,7.31,131,144,18.78,1.63,"NO","P"
"107","2026","vs_LHB","L",570714,"César Vargas","VER","R","Diestro","SP","Abridor",34,"Mexico","Puebla",28,NA,68,60,18,12,4,1,1,16,8,1,7,0,0,0,20,42,14,7.31,12.86,1.786,4.22,77,0.3,0.382,0.45,0.832,0.375,0.7,23.5,10.3,13.2,10.29,4.5,0.64,11.57,15,10,2,55.6,37,7.4,1.5,277,47.7,32.6,67.4,15.5,29.6,14.1,61.7,26,4,0,1,3,8,2,0,0,0,601,11,0.5,1.24,-8.4,11.2110476190476,4.36,86,4.95,97,7.31,131,144,18.78,1.63,"NO","P"
"108","2026","vs_RHB","R",570714,"César Vargas","VER","R","Diestro","SP","Abridor",34,"Mexico","Puebla",35,NA,82,67,19,15,4,0,0,15,11,0,11,2,1,4,13,53,17.6666666666667,7.31,6.62,1.698,4.59,84,0.284,0.395,0.343,0.738,0.359,-0.4,18.3,13.4,4.9,7.64,5.6,0,9.68,22,9,1,68.8,28.1,3.1,2.44,323,41.5,26.9,73.1,11.1,26,14.9,56.3,26,4,0,1,3,8,2,0,0,0,601,11,0.5,1.24,-8.4,11.2110476190476,4.36,86,4.95,97,7.31,131,144,18.78,1.63,"NO","P"
"109","2026","Overall","All",631229,"Dalton Rodriguez","YUC","R","Diestro","SP","Abridor",29,"Mexico","Mexicali",18,1,118,101,26,22,2,1,1,24,11,0,11,4,1,8,11,86,28.6666666666667,2.83,3.45,1.291,4.43,81,0.257,0.35,0.327,0.677,0.325,-4.5,20.3,9.3,11,7.53,3.45,0.31,8.16,26,21,5,50,40.4,9.6,1.24,456,47.4,18.5,81.5,8.8,25.7,16.9,64.3,9,0,1,0,0,0,0,0,0,0,456,2,0.5,1.23,8.9,11.0788333333333,4.37,86,5.16,101,2.87,51,56,15.91,2.18,"NO","P"
"110","2026","vs_LHB","L",631229,"Dalton Rodriguez","YUC","R","Diestro","SP","Abridor",29,"Mexico","Mexicali",17,NA,48,42,13,11,1,0,1,9,6,0,6,0,0,4,8,34,11.3333333333333,2.83,6.35,1.676,5.23,95,0.31,0.396,0.405,0.801,0.375,0.5,18.8,12.5,6.3,7.15,4.76,0.79,10.32,7,13,1,33.3,61.9,4.8,0.54,207,46.9,19.6,80.4,9.2,25.6,16.4,63.3,9,0,1,0,0,0,0,0,0,0,456,2,0.5,1.23,8.9,11.0788333333333,4.37,86,5.16,101,2.87,51,56,15.91,2.18,"NO","P"
"111","2026","vs_RHB","R",631229,"Dalton Rodriguez","YUC","R","Diestro","SP","Abridor",29,"Mexico","Mexicali",18,NA,70,59,13,11,1,1,0,15,5,0,5,4,1,4,3,52,17.3333333333333,2.83,1.56,1.038,3.91,71,0.22,0.319,0.271,0.59,0.29,-5.1,21.4,7.1,14.3,7.79,2.6,0,6.75,19,8,4,61.3,25.8,12.9,2.38,249,47.8,17.6,82.4,8.4,25.7,17.3,65.1,9,0,1,0,0,0,0,0,0,0,456,2,0.5,1.23,8.9,11.0788333333333,4.37,86,5.16,101,2.87,51,56,15.91,2.18,"NO","P"
"112","2026","Overall","All",675880,"Daniel De La Fuente","CHI","R","Diestro","SP","Abridor",28,"Mexico","Ciudad Juarez",23,1,123,106,35,22,5,2,6,11,12,2,10,0,0,3,24,77,25.6666666666667,7.62,8.42,1.753,7.43,136,0.33,0.398,0.585,0.983,0.422,7,8.9,8.1,0.8,3.86,3.51,2.1,12.27,26,33,4,41.3,52.4,6.3,0.79,448,46.2,15.9,84.1,7.4,21,13.6,59.8,22,0,2,0,1,1,1,0,0,1,448,1,-0.3,-1.73,-3.6,11.7259420289855,7.33,144,6.46,127,8.31,148,150,17.23,0.92,"NO","P"
"113","2026","vs_LHB","L",675880,"Daniel De La Fuente","CHI","R","Diestro","SP","Abridor",28,"Mexico","Ciudad Juarez",19,NA,48,39,18,10,2,1,5,3,6,1,5,0,0,0,14,23,7.66666666666667,7.62,16.43,3,13.73,251,0.462,0.533,0.949,1.482,0.602,11.2,6.2,10.4,-4.2,3.52,5.87,5.87,21.13,10,13,0,43.5,56.5,0,0.77,188,45.2,15.3,84.7,6.9,18.1,11.2,56.4,22,0,2,0,1,1,1,0,0,1,448,1,-0.3,-1.73,-3.6,11.7259420289855,7.33,144,6.46,127,8.31,148,150,17.23,0.92,"NO","P"
"114","2026","vs_RHB","R",675880,"Daniel De La Fuente","CHI","R","Diestro","SP","Abridor",28,"Mexico","Ciudad Juarez",23,NA,75,67,17,12,3,1,1,8,6,1,5,0,0,3,10,54,18,7.62,5,1.222,4.75,87,0.254,0.315,0.373,0.688,0.311,-3.9,10.7,6.7,4,4,2.5,0.5,8.5,16,20,4,40,50,10,0.8,260,46.9,16.4,83.6,7.7,23.1,15.4,62.3,22,0,2,0,1,1,1,0,0,1,448,1,-0.3,-1.73,-3.6,11.7259420289855,7.33,144,6.46,127,8.31,148,150,17.23,0.92,"NO","P"
"115","2026","Overall","All",684483,"Daniel Juarez","SLW","L","Zurdo","SP","Abridor",25,"Venezuela","Guigue",38,1,138,120,37,27,4,0,6,26,10,0,10,1,2,2,22,90,30,5.7,6.6,1.567,6.05,110,0.308,0.361,0.492,0.853,0.374,1.4,18.8,7.2,11.6,7.8,3,1.8,11.1,33,17,11,54.1,27.9,18,1.94,507,52.3,24.9,75.1,13,26,13,65.3,19,0,0,0,1,6,1,0,0,0,507,2,0,-0.39,-2.6,11.4513157894737,5.99,118,4.34,85,6,107,112,16.9,2.6,"NO","P"
"116","2026","vs_LHB","L",684483,"Daniel Juarez","SLW","L","Zurdo","SP","Abridor",25,"Venezuela","Guigue",35,NA,62,53,19,15,2,0,2,11,6,0,6,0,0,0,7,36,12,5.7,5.25,2.083,5.91,108,0.358,0.424,0.509,0.933,0.42,3.4,17.7,9.7,8,8.25,4.5,1.5,14.25,14,6,5,56,24,20,2.33,240,52.1,24,76,12.5,25.8,13.3,65.4,19,0,0,0,1,6,1,0,0,0,507,2,0,-0.39,-2.6,11.4513157894737,5.99,118,4.34,85,6,107,112,16.9,2.6,"NO","P"
"117","2026","vs_RHB","R",684483,"Daniel Juarez","SLW","L","Zurdo","SP","Abridor",25,"Venezuela","Guigue",35,NA,76,67,18,12,2,0,4,15,4,0,4,1,2,2,15,54,18,5.7,7.5,1.222,6.14,112,0.269,0.311,0.478,0.789,0.338,-1.9,19.7,5.3,14.4,7.5,2,2,9,19,11,6,52.8,30.6,16.7,1.73,267,52.4,25.7,74.3,13.5,26.2,12.7,65.2,19,0,0,0,1,6,1,0,0,0,507,2,0,-0.39,-2.6,11.4513157894737,5.99,118,4.34,85,6,107,112,16.9,2.6,"NO","P"
"118","2026","Overall","All",642607,"Dario Agrazal","LAG","R","Diestro","SP","Abridor",31,"Panama","Aguadulce",5,5,89,78,34,23,8,2,1,9,8,0,8,1,1,5,18,55,18.3333333333333,9.33,8.84,2.291,5.28,96,0.436,0.489,0.628,1.117,0.486,10.7,10.1,9,1.1,4.42,3.93,0.49,16.69,21,13,1,60,37.1,2.9,1.62,343,47.5,17.2,82.8,8.2,21.9,13.7,61.2,19,0,2,0,0,0,0,0,0,0,343,0,0.3,0.36,-8.6,11.1828,5.24,103,5.72,112,9.94,178,183,18.71,1.13,"NO","P"
"119","2026","vs_LHB","L",642607,"Dario Agrazal","LAG","R","Diestro","SP","Abridor",31,"Panama","Aguadulce",5,NA,44,40,18,11,7,0,0,5,4,0,4,0,0,2,8,27,9,9.33,8,2.444,4.3,78,0.45,0.5,0.625,1.125,0.496,5.7,11.4,9.1,2.3,5,4,0,18,8,7,1,50,43.8,6.2,1.14,185,47,20.7,79.3,9.7,23.2,13.5,60.5,19,0,2,0,0,0,0,0,0,0,343,0,0.3,0.36,-8.6,11.1828,5.24,103,5.72,112,9.94,178,183,18.71,1.13,"NO","P"
"120","2026","vs_RHB","R",642607,"Dario Agrazal","LAG","R","Diestro","SP","Abridor",31,"Panama","Aguadulce",5,NA,45,38,16,12,1,2,1,4,4,0,4,1,1,3,10,28,9.33333333333333,9.33,9.64,2.143,6.22,114,0.421,0.477,0.632,1.109,0.475,4.9,8.9,8.9,0,3.86,3.86,0.96,15.43,13,6,0,68.4,31.6,0,2.17,158,48.1,13.2,86.8,6.3,20.3,13.9,62,19,0,2,0,0,0,0,0,0,0,343,0,0.3,0.36,-8.6,11.1828,5.24,103,5.72,112,9.94,178,183,18.71,1.13,"NO","P"
"121","2026","Overall","All",677915,"Dario Gardea","LAR","R","Diestro","SP","Abridor",27,"Mexico","Ciudad Juarez",36,1,141,124,32,20,8,2,2,41,10,1,9,6,1,1,26,97,32.3333333333333,3.58,7.24,1.268,3.74,68,0.258,0.34,0.403,0.743,0.337,-3.7,29.1,6.4,22.7,11.41,2.51,0.56,8.91,16,34,3,30.2,64.2,5.7,0.47,558,46.2,27.9,72.1,12.9,29.9,17,63.3,13,1,1,0,1,7,1,0,0,0,556,2,0.7,1.92,1,11.1137777777778,3.68,72,4.64,91,3.91,70,70,17.02,4.1,"NO","P"
"122","2026","vs_LHB","L",677915,"Dario Gardea","LAR","R","Diestro","SP","Abridor",27,"Mexico","Ciudad Juarez",28,NA,51,42,10,6,2,1,1,15,6,1,5,3,0,0,10,33,11,3.58,8.18,1.364,4.72,86,0.238,0.373,0.405,0.778,0.361,-0.2,29.4,9.8,19.6,12.27,4.09,0.82,8.18,7,11,0,38.9,61.1,0,0.64,211,44.1,25.8,74.2,11.4,28,16.6,60.7,13,1,1,0,1,7,1,0,0,0,556,2,0.7,1.92,1,11.1137777777778,3.68,72,4.64,91,3.91,70,70,17.02,4.1,"NO","P"
"123","2026","vs_RHB","R",677915,"Dario Gardea","LAR","R","Diestro","SP","Abridor",27,"Mexico","Ciudad Juarez",33,NA,90,82,22,14,6,1,1,26,4,0,4,3,1,1,16,64,21.3333333333333,3.58,6.75,1.219,3.24,59,0.268,0.322,0.402,0.724,0.324,-3.5,28.9,4.4,24.5,10.97,1.69,0.42,9.28,9,23,3,25.7,65.7,8.6,0.39,347,47.6,29.1,70.9,13.8,31.1,17.3,64.8,13,1,1,0,1,7,1,0,0,0,556,2,0.7,1.92,1,11.1137777777778,3.68,72,4.64,91,3.91,70,70,17.02,4.1,"NO","P"
"124","2026","Overall","All",670241,"Darius Vines","TIG","R","Diestro","SP","Abridor",28,"USA","Oxnard",15,15,304,280,70,48,13,1,8,69,19,0,19,1,1,7,27,228,76,3.32,3.2,1.171,4.42,81,0.25,0.299,0.389,0.688,0.307,-17,22.7,6.2,16.5,8.17,2.25,0.95,8.29,65,69,13,44.2,46.9,8.8,0.94,1150,51.2,25.6,74.4,13.1,30.2,17,68.3,28,4,2,0,0,0,0,0,0,1,1150,3,2,1.24,17.1,10.3528888888889,4.36,86,4.52,89,3.43,61,65,15.13,3.63,"NO","P"
"125","2026","vs_LHB","L",670241,"Darius Vines","TIG","R","Diestro","SP","Abridor",28,"USA","Oxnard",15,NA,159,146,29,18,5,0,6,39,11,0,11,0,1,4,13,129,43,3.32,2.72,0.93,4.85,89,0.199,0.253,0.356,0.609,0.269,-14.8,24.5,6.9,17.6,8.16,2.3,1.26,6.07,32,42,9,38.6,50.6,10.8,0.76,627,51.5,22.6,77.4,11.6,28.9,17.2,68.7,28,4,2,0,0,0,0,0,0,1,1150,3,2,1.24,17.1,10.3528888888889,4.36,86,4.52,89,3.43,61,65,15.13,3.63,"NO","P"
"126","2026","vs_RHB","R",670241,"Darius Vines","TIG","R","Diestro","SP","Abridor",28,"USA","Oxnard",15,NA,145,134,41,30,8,1,2,30,8,0,8,1,0,3,14,99,33,3.32,3.82,1.485,3.87,71,0.306,0.35,0.425,0.775,0.348,-2.3,20.7,5.5,15.2,8.18,2.18,0.55,11.18,33,27,4,51.6,42.2,6.2,1.22,523,50.9,29.3,70.7,14.9,31.7,16.8,67.7,28,4,2,0,0,0,0,0,0,1,1150,3,2,1.24,17.1,10.3528888888889,4.36,86,4.52,89,3.43,61,65,15.13,3.63,"NO","P"
"127","2026","Overall","All",605446,"Dereck Rodríguez","CHI","R","Diestro","SP","Abridor",34,"USA","Arlington",19,5,177,158,51,35,10,2,4,32,9,1,8,2,5,6,23,118,39.3333333333333,4.12,5.26,1.5,4.54,83,0.323,0.356,0.487,0.843,0.365,0.2,18.1,4.5,13.6,7.32,1.83,0.92,11.67,37,32,4,50.7,43.8,5.5,1.16,629,51.4,22.6,77.4,11.6,27.5,15.9,67.2,18,4,2,0,0,2,0,0,0,0,629,3,0.7,1.12,-0.8,11.0158596491228,4.48,88,4.48,88,5.06,90,81,15.99,3.56,"NO","P"
"128","2026","vs_LHB","L",605446,"Dereck Rodríguez","CHI","R","Diestro","SP","Abridor",34,"USA","Arlington",18,NA,70,60,17,12,3,0,2,16,5,0,5,0,2,1,8,49,16.3333333333333,4.12,4.41,1.347,4.63,84,0.283,0.328,0.433,0.761,0.335,-2,22.9,7.1,15.8,8.82,2.76,1.1,9.37,10,15,2,37,55.6,7.4,0.67,257,48.2,21.8,78.2,10.5,28,17.5,65.8,18,4,2,0,0,2,0,0,0,0,629,3,0.7,1.12,-0.8,11.0158596491228,4.48,88,4.48,88,5.06,90,81,15.99,3.56,"NO","P"
"129","2026","vs_RHB","R",605446,"Dereck Rodríguez","CHI","R","Diestro","SP","Abridor",34,"USA","Arlington",19,NA,107,98,34,23,7,2,2,16,4,1,3,2,3,5,15,69,23,4.12,5.87,1.609,4.47,82,0.347,0.374,0.52,0.894,0.384,2.1,15,2.8,12.2,6.26,1.17,0.78,13.3,27,17,2,58.7,37,4.3,1.59,372,53.5,23.1,76.9,12.4,27.2,14.8,68.3,18,4,2,0,0,2,0,0,0,0,629,3,0.7,1.12,-0.8,11.0158596491228,4.48,88,4.48,88,5.06,90,81,15.99,3.56,"NO","P"
"130","2026","Overall","All",656970,"Devin Smeltzer","DUR","L","Zurdo","SP","Abridor",30,"USA","Voorhees",19,19,422,383,132,102,11,8,11,81,26,1,25,7,5,13,59,269,89.6666666666667,5.79,5.92,1.751,4.94,90,0.345,0.392,0.501,0.893,0.394,12.4,19.2,5.9,13.3,8.13,2.51,1.1,13.25,93,67,16,52.8,38.1,9.1,1.39,1544,48.3,20.1,79.9,9.7,26.8,17.1,65.4,59,7,6,0,0,0,0,0,0,0,1544,5,1.9,0.74,-9.9,10.808,4.86,95,4.53,89,6.12,109,114,16.84,3.12,"NO","P"
"131","2026","vs_LHB","L",656970,"Devin Smeltzer","DUR","L","Zurdo","SP","Abridor",30,"USA","Voorhees",19,NA,111,101,30,25,3,2,0,23,6,0,6,1,3,4,15,77,25.6666666666667,5.79,5.26,1.403,3.11,57,0.297,0.333,0.366,0.699,0.316,-5.2,20.7,5.4,15.3,8.06,2.1,0,10.52,26,16,4,56.5,34.8,8.7,1.62,419,49.2,20.4,79.6,10,27.7,17.7,66.8,59,7,6,0,0,0,0,0,0,0,1544,5,1.9,0.74,-9.9,10.808,4.86,95,4.53,89,6.12,109,114,16.84,3.12,"NO","P"
"132","2026","vs_RHB","R",656970,"Devin Smeltzer","DUR","L","Zurdo","SP","Abridor",30,"USA","Voorhees",19,NA,311,282,102,77,8,6,11,58,20,1,19,6,2,9,44,192,64,5.79,6.19,1.891,5.67,103,0.362,0.413,0.55,0.963,0.421,17.4,18.6,6.1,12.5,8.16,2.67,1.55,14.34,67,51,12,51.5,39.2,9.2,1.31,1125,48,20,80,9.6,26.5,16.9,64.9,59,7,6,0,0,0,0,0,0,0,1544,5,1.9,0.74,-9.9,10.808,4.86,95,4.53,89,6.12,109,114,16.84,3.12,"NO","P"
"133","2026","Overall","All",694657,"Deylen Miley","AGS","R","Diestro","SP","Abridor",28,"USA","Toledo",4,4,71,55,16,13,2,0,1,14,12,0,12,2,2,1,14,41,13.6666666666667,5.93,9.22,2.049,6.06,111,0.291,0.423,0.382,0.805,0.386,1.5,19.7,16.9,2.8,9.22,7.9,0.66,10.54,11,11,2,45.8,45.8,8.3,1,266,39.5,26.7,73.3,10.5,25.9,15.4,54.9,9,0,1,0,0,0,0,0,0,0,266,2,0.1,-0.47,-8.6,11.6585,6.07,119,6.35,125,10.91,195,117,19.46,1.17,"NO","P"
"134","2026","vs_LHB","L",694657,"Deylen Miley","AGS","R","Diestro","SP","Abridor",28,"USA","Toledo",4,NA,40,30,7,5,1,0,1,7,8,0,8,1,1,1,8,24,8,5.93,9,1.875,7.33,134,0.233,0.4,0.367,0.767,0.37,0.2,17.5,20,-2.5,7.88,9,1.12,7.88,7,7,1,46.7,46.7,6.7,1,150,39.3,18.6,81.4,7.3,20,12.7,52,9,0,1,0,0,0,0,0,0,0,266,2,0.1,-0.47,-8.6,11.6585,6.07,119,6.35,125,10.91,195,117,19.46,1.17,"NO","P"
"135","2026","vs_RHB","R",694657,"Deylen Miley","AGS","R","Diestro","SP","Abridor",28,"USA","Toledo",4,NA,31,25,9,8,1,0,0,7,4,0,4,1,1,0,6,17,5.66666666666667,5.93,9.53,2.294,4.26,78,0.36,0.452,0.4,0.852,0.407,1.3,22.6,12.9,9.7,11.12,6.35,0,14.29,4,4,1,44.4,44.4,11.1,1,116,39.7,37,63,14.7,33.6,19,58.6,9,0,1,0,0,0,0,0,0,0,266,2,0.1,-0.47,-8.6,11.6585,6.07,119,6.35,125,10.91,195,117,19.46,1.17,"NO","P"
"136","2026","Overall","All",800545,"Diego Hernandez","LAR","R","Diestro","SP","Abridor",21,"Mexico","Puebla",20,1,159,143,47,32,10,2,3,27,11,0,11,5,0,5,30,100,33.3333333333333,6.75,8.1,1.74,5.07,93,0.329,0.396,0.49,0.886,0.396,5,17,6.9,10.1,7.29,2.97,0.81,12.69,37,28,5,52.9,40,7.1,1.32,586,48.8,20.6,79.4,10.1,23,13,61.8,25,0,2,0,0,0,0,0,0,0,586,5,0.3,0.58,-10.9,11.2400166666667,5.02,99,5.26,103,6.8,121,133,17.58,2.45,"NO","P"
"137","2026","vs_LHB","L",800545,"Diego Hernandez","LAR","R","Diestro","SP","Abridor",21,"Mexico","Puebla",19,NA,60,54,19,10,5,2,2,14,4,0,4,2,0,2,15,37,12.3333333333333,6.75,10.95,1.865,5.38,98,0.352,0.417,0.63,1.047,0.443,4.7,23.3,6.7,16.6,10.22,2.92,1.46,13.86,9,14,0,39.1,60.9,0,0.64,242,51.7,24,76,12.4,23.1,10.7,62.4,25,0,2,0,0,0,0,0,0,0,586,5,0.3,0.58,-10.9,11.2400166666667,5.02,99,5.26,103,6.8,121,133,17.58,2.45,"NO","P"
"138","2026","vs_RHB","R",800545,"Diego Hernandez","LAR","R","Diestro","SP","Abridor",21,"Mexico","Puebla",20,NA,99,89,28,22,5,0,1,13,7,0,7,3,0,3,15,63,21,6.75,6.43,1.667,4.89,89,0.315,0.384,0.404,0.788,0.367,0.3,13.1,7.1,6,5.57,3,0.43,12,28,14,5,59.6,29.8,10.6,2,344,46.8,18,82,8.4,23,14.5,61.3,25,0,2,0,0,0,0,0,0,0,586,5,0.3,0.58,-10.9,11.2400166666667,5.02,99,5.26,103,6.8,121,133,17.58,2.45,"NO","P"
"139","2026","Overall","All",659275,"Dinelson Lamet","VER","R","Diestro","SP","Abridor",33,"Dominican Republic","Santiago",10,10,226,190,50,31,10,0,9,48,27,0,27,4,4,4,33,148,49.3333333333333,5.66,6.02,1.561,6.39,117,0.263,0.36,0.458,0.818,0.365,0.2,21.2,11.9,9.3,8.76,4.93,1.64,9.12,43,46,10,43.4,46.5,10.1,0.93,867,47.6,28.8,71.2,13.7,29.5,15.8,63.4,31,1,5,0,0,0,0,0,0,1,867,6,0.3,-0.74,-4,12.0055666666667,6.34,125,5.53,109,6.05,108,111,17.57,1.78,"NO","P"
"140","2026","vs_LHB","L",659275,"Dinelson Lamet","VER","R","Diestro","SP","Abridor",33,"Dominican Republic","Santiago",10,NA,120,100,27,16,6,0,5,24,17,0,17,1,1,4,15,79,26.3333333333333,5.66,5.13,1.671,6.78,124,0.27,0.378,0.48,0.858,0.383,2.2,20,14.2,5.8,8.2,5.81,1.71,9.23,22,26,5,41.5,49.1,9.4,0.85,466,46.1,24.2,75.8,11.2,26,14.8,60.9,31,1,5,0,0,0,0,0,0,1,867,6,0.3,-0.74,-4,12.0055666666667,6.34,125,5.53,109,6.05,108,111,17.57,1.78,"NO","P"
"141","2026","vs_RHB","R",659275,"Dinelson Lamet","VER","R","Diestro","SP","Abridor",33,"Dominican Republic","Santiago",10,NA,106,90,23,15,4,0,4,24,10,0,10,3,3,0,18,69,23,5.66,7.04,1.435,5.95,109,0.256,0.34,0.433,0.773,0.345,-2,22.6,9.4,13.2,9.39,3.91,1.57,9,21,20,5,45.7,43.5,10.9,1.05,401,49.4,33.8,66.2,16.7,33.7,17,66.3,31,1,5,0,0,0,0,0,0,1,867,6,0.3,-0.74,-4,12.0055666666667,6.34,125,5.53,109,6.05,108,111,17.57,1.78,"NO","P"
"142","2026","Overall","All",642758,"Domingo Acevedo","CAM","R","Diestro","SP","Abridor",32,"Dominican Republic","Villa Los Almacigos",2,2,40,35,9,6,1,1,1,13,2,0,2,1,2,0,5,29,9.66666666666667,4.5,4.66,1.138,3.67,67,0.257,0.3,0.429,0.729,0.31,-2.1,32.5,5,27.5,12.1,1.86,0.93,8.38,4,10,0,28.6,71.4,0,0.4,148,50.7,32,68,16.2,36.5,20.3,70.9,5,1,1,0,0,0,0,0,0,0,148,2,0.4,1.98,1,9.75,3.62,71,4,79,4.5,80,88,14.8,6.5,"NO","P"
"143","2026","vs_LHB","L",642758,"Domingo Acevedo","CAM","R","Diestro","SP","Abridor",32,"Dominican Republic","Villa Los Almacigos",2,NA,16,15,4,2,1,0,1,6,1,0,1,0,0,0,3,12,4,4.5,6.75,1.25,5.08,93,0.267,0.312,0.533,0.845,0.357,-0.1,37.5,6.2,31.3,13.5,2.25,2.25,9,1,5,0,16.7,83.3,0,0.2,64,50,34.4,65.6,17.2,34.4,17.2,67.2,5,1,1,0,0,0,0,0,0,0,148,2,0.4,1.98,1,9.75,3.62,71,4,79,4.5,80,88,14.8,6.5,"NO","P"
"144","2026","vs_RHB","R",642758,"Domingo Acevedo","CAM","R","Diestro","SP","Abridor",32,"Dominican Republic","Villa Los Almacigos",2,NA,24,20,5,4,0,1,0,7,1,0,1,1,2,0,2,17,5.66666666666667,4.5,3.18,1.059,2.67,49,0.25,0.292,0.35,0.642,0.279,-2,29.2,4.2,25,11.12,1.59,0,7.94,3,5,0,37.5,62.5,0,0.6,84,51.2,30.2,69.8,15.5,38.1,22.6,73.8,5,1,1,0,0,0,0,0,0,0,148,2,0.4,1.98,1,9.75,3.62,71,4,79,4.5,80,88,14.8,6.5,"NO","P"
"145","2026","Overall","All",669283,"Drew Parrish","LAR","L","Zurdo","SP","Abridor",28,"USA","Cape Canaveral",18,17,356,315,98,60,23,3,12,72,32,1,31,1,0,7,53,230,76.6666666666667,6.1,6.22,1.683,5.49,100,0.311,0.376,0.517,0.893,0.391,9.4,20.2,8.7,11.5,8.45,3.64,1.41,11.5,64,73,13,42.7,48.7,8.7,0.88,1342,48.7,29.2,70.8,14.2,28.6,14.4,63,52,2,11,0,0,0,0,0,0,0,1342,7,1.1,0.16,-8.8,11.2871111111111,5.44,107,5,98,6.85,122,120,17.5,2.25,"NO","P"
"146","2026","vs_LHB","L",669283,"Drew Parrish","LAR","L","Zurdo","SP","Abridor",28,"USA","Cape Canaveral",15,NA,86,77,21,13,6,0,2,12,7,0,7,0,0,1,12,60,20,6.1,5.4,1.4,5.23,95,0.273,0.333,0.429,0.762,0.34,-2,14,8.1,5.9,5.4,3.15,0.9,9.45,19,21,5,42.2,46.7,11.1,0.9,305,47.9,23.3,76.7,11.1,27.2,16.1,63.9,52,2,11,0,0,0,0,0,0,0,1342,7,1.1,0.16,-8.8,11.2871111111111,5.44,107,5,98,6.85,122,120,17.5,2.25,"NO","P"
"147","2026","vs_RHB","R",669283,"Drew Parrish","LAR","L","Zurdo","SP","Abridor",28,"USA","Cape Canaveral",18,NA,270,238,77,47,17,3,10,60,25,1,24,1,0,6,41,170,56.6666666666667,6.1,6.51,1.782,5.58,102,0.324,0.39,0.546,0.936,0.407,11.4,22.2,8.9,13.3,9.53,3.81,1.59,12.23,45,52,8,42.9,49.5,7.6,0.87,1037,48.9,31,69,15.1,29,13.9,62.8,52,2,11,0,0,0,0,0,0,0,1342,7,1.1,0.16,-8.8,11.2871111111111,5.44,107,5,98,6.85,122,120,17.5,2.25,"NO","P"
"148","2026","Overall","All",621249,"Duane Underwood Jr.","YUC","R","Diestro","SP","Abridor",31,"USA","Raleigh",3,2,34,29,10,8,2,0,0,2,5,0,5,0,0,0,3,20,6.66666666666667,6.75,4.05,2.25,5.73,105,0.345,0.441,0.414,0.855,0.405,1.4,5.9,14.7,-8.8,2.7,6.75,0,13.5,11,6,0,64.7,35.3,0,1.83,135,50.4,10.3,89.7,5.2,18.5,13.3,63.7,5,0,0,0,0,0,0,0,0,0,135,0,0.1,-0.19,-0.6,11.4654444444444,5.79,114,7.42,146,7.26,130,133,20.25,0.4,"NO","P"
"149","2026","vs_LHB","L",621249,"Duane Underwood Jr.","YUC","R","Diestro","SP","Abridor",31,"USA","Raleigh",3,NA,19,15,5,4,1,0,0,2,4,0,4,0,0,0,0,10,3.33333333333333,6.75,0,2.7,6.48,118,0.333,0.474,0.4,0.874,0.424,1.1,10.5,21.1,-10.6,5.4,10.8,0,13.5,6,2,0,75,25,0,3,83,51.8,9.3,90.7,4.8,16.9,12,63.9,5,0,0,0,0,0,0,0,0,0,135,0,0.1,-0.19,-0.6,11.4654444444444,5.79,114,7.42,146,7.26,130,133,20.25,0.4,"NO","P"
"150","2026","vs_RHB","R",621249,"Duane Underwood Jr.","YUC","R","Diestro","SP","Abridor",31,"USA","Raleigh",3,NA,15,14,5,4,1,0,0,0,1,0,1,0,0,0,3,10,3.33333333333333,6.75,8.1,1.8,4.98,91,0.357,0.4,0.429,0.829,0.381,0.3,0,6.7,-6.7,0,2.7,0,13.5,5,4,0,55.6,44.4,0,1.25,52,48.1,12,88,5.8,21.2,15.4,63.5,5,0,0,0,0,0,0,0,0,0,135,0,0.1,-0.19,-0.6,11.4654444444444,5.79,114,7.42,146,7.26,130,133,20.25,0.4,"NO","P"
"151","2026","vs_LHB","L",695327,"Dylan Heid","CAM","R","Diestro",NA,NA,NA,NA,NA,1,NA,8,5,1,1,0,0,0,0,3,0,3,0,0,2,1,6,2,4.5,4.5,2,8.58,157,0.2,0.5,0.2,0.7,0.409,0.4,0,37.5,-37.5,0,13.5,0,4.5,1,2,0,33.3,66.7,0,0.5,33,48.5,6.2,93.8,3,12.1,9.1,57.6,2,0,0,0,0,0,0,0,0,0,67,0,-0.1,-3.17,-0.3,13.5133333333333,8.77,172,10.03,197,4.5,80,88,16.75,0.17,"NO","P"
"152","2026","vs_RHB","R",695327,"Dylan Heid","CAM","R","Diestro",NA,NA,NA,NA,NA,1,NA,10,5,1,0,1,0,0,1,3,0,3,1,1,1,1,6,2,4.5,4.5,2,9.08,166,0.2,0.5,0.4,0.9,0.438,0.7,10,30,-20,4.5,13.5,0,4.5,2,1,0,66.7,33.3,0,2,34,32.4,18.2,81.8,5.9,17.6,11.8,44.1,2,0,0,0,0,0,0,0,0,0,67,0,-0.1,-3.17,-0.3,13.5133333333333,8.77,172,10.03,197,4.5,80,88,16.75,0.17,"NO","P"
"153","2026","Overall","All",681493,"Eddy Demurias","LAG","R","Diestro","SP","Abridor",28,"USA","Miami",1,1,22,21,4,3,1,0,0,3,1,0,1,0,0,0,0,18,6,0,0,0.833,3.58,65,0.19,0.227,0.238,0.465,0.217,-3.2,13.6,4.5,9.1,4.5,1.5,0,6,6,8,0,42.9,57.1,0,0.75,78,44.9,25.7,74.3,11.5,26.9,15.4,60.3,0,1,0,0,0,0,0,0,0,0,78,0,0.2,2.08,3.7,9.32,3.52,69,5.76,113,0,0,0,13,3,"NO","P"
"154","2026","vs_LHB","L",681493,"Eddy Demurias","LAG","R","Diestro","SP","Abridor",28,"USA","Miami",1,NA,10,9,0,0,0,0,0,1,1,0,1,0,0,0,0,9,3,0,0,0.333,4.41,80,0,0.1,0,0.1,0.078,-2.8,10,10,0,3,3,0,0,4,4,0,50,50,0,1,35,45.7,31.2,68.8,14.3,28.6,14.3,60,0,1,0,0,0,0,0,0,0,0,78,0,0.2,2.08,3.7,9.32,3.52,69,5.76,113,0,0,0,13,3,"NO","P"
"155","2026","vs_RHB","R",681493,"Eddy Demurias","LAG","R","Diestro","SP","Abridor",28,"USA","Miami",1,NA,12,12,4,3,1,0,0,2,0,0,0,0,0,0,0,9,3,0,0,1.333,2.75,50,0.333,0.333,0.417,0.75,0.333,-0.4,16.7,0,16.7,6,0,0,12,2,4,0,33.3,66.7,0,0.5,43,44.2,21.1,78.9,9.3,25.6,16.3,60.5,0,1,0,0,0,0,0,0,0,0,78,0,0.2,2.08,3.7,9.32,3.52,69,5.76,113,0,0,0,13,3,"NO","P"
"156","2026","Overall","All",673140,"Elian Leyva","CHI","R","Diestro","SP","Abridor",37,"Cuba","Havana",18,18,378,333,103,66,24,2,11,58,31,0,31,4,5,14,47,256,85.3333333333333,5.04,4.96,1.57,5.63,103,0.309,0.37,0.492,0.862,0.379,5.6,15.3,8.2,7.1,6.12,3.27,1.16,10.86,97,64,18,54.2,35.8,10.1,1.52,1425,46.9,21.9,78.1,10.2,26.8,16.6,63.4,48,3,1,0,0,0,0,1,1,1,1426,3,1.2,0.03,-2.5,11.3763333333333,5.57,109,5.13,101,5.6,100,99,16.65,1.87,"NO","P"
"157","2026","vs_LHB","L",673140,"Elian Leyva","CHI","R","Diestro","SP","Abridor",37,"Cuba","Havana",18,NA,157,133,42,29,8,1,4,25,20,0,20,0,4,7,20,102,34,5.04,5.29,1.824,5.9,108,0.316,0.395,0.481,0.876,0.389,3.9,15.9,12.7,3.2,6.62,5.29,1.06,11.12,42,23,3,61.8,33.8,4.4,1.83,614,43.5,27,73,11.7,27.9,16.1,59.6,48,3,1,0,0,0,0,1,1,1,1426,3,1.2,0.03,-2.5,11.3763333333333,5.57,109,5.13,101,5.6,100,99,16.65,1.87,"NO","P"
"158","2026","vs_RHB","R",673140,"Elian Leyva","CHI","R","Diestro","SP","Abridor",37,"Cuba","Havana",18,NA,221,200,61,37,16,1,7,33,11,0,11,4,1,7,27,154,51.3333333333333,5.04,4.73,1.403,5.44,99,0.305,0.352,0.5,0.852,0.371,1.5,14.9,5,9.9,5.79,1.93,1.23,10.69,55,41,15,49.5,36.9,13.5,1.34,811,49.4,18.5,81.5,9.1,26,16.9,66.3,48,3,1,0,0,0,0,1,1,1,1426,3,1.2,0.03,-2.5,11.3763333333333,5.57,109,5.13,101,5.6,100,99,16.65,1.87,"NO","P"
"159","2026","Overall","All",541640,"Erasmo Ramírez","LAG","R","Diestro","SP","Abridor",36,"Nicaragua","Rivas",3,3,55,49,17,11,3,0,3,9,2,0,2,1,2,1,11,36,12,8.25,8.25,1.583,6.58,120,0.347,0.37,0.592,0.962,0.405,2.2,16.4,3.6,12.8,6.75,1.5,2.25,12.75,12,12,2,46.2,46.2,7.7,1,205,47.3,19.6,80.4,9.3,27.8,18.5,65.9,11,0,1,0,0,0,0,0,0,0,205,1,0.1,-0.92,-4.6,12.0133333333333,6.52,128,4.95,97,9,161,162,17.08,4.5,"NO","P"
"160","2026","vs_LHB","L",541640,"Erasmo Ramírez","LAG","R","Diestro","SP","Abridor",36,"Nicaragua","Rivas",3,NA,30,27,11,7,2,0,2,6,2,0,2,0,0,1,6,18,6,8.25,9,2.167,7.41,135,0.407,0.448,0.704,1.152,0.49,3.7,20,6.7,13.3,9,3,3,16.5,6,6,0,50,50,0,1,118,46.6,16.4,83.6,7.6,28,20.3,66.9,11,0,1,0,0,0,0,0,0,0,205,1,0.1,-0.92,-4.6,12.0133333333333,6.52,128,4.95,97,9,161,162,17.08,4.5,"NO","P"
"161","2026","vs_RHB","R",541640,"Erasmo Ramírez","LAG","R","Diestro","SP","Abridor",36,"Nicaragua","Rivas",3,NA,25,22,6,4,1,0,1,3,0,0,0,1,2,0,5,18,6,8.25,7.5,1,5.75,105,0.273,0.28,0.455,0.735,0.305,-1.4,12,0,12,4.5,0,1.5,9,6,6,2,42.9,42.9,14.3,1,87,48.3,23.8,76.2,11.5,27.6,16.1,64.4,11,0,1,0,0,0,0,0,0,0,205,1,0.1,-0.92,-4.6,12.0133333333333,6.52,128,4.95,97,9,161,162,17.08,4.5,"NO","P"
"162","2026","Overall","All",657272,"Erich Uelmen","SLW","R","Diestro","SP","Abridor",30,"USA","Las Vegas",19,18,369,328,101,74,17,3,7,72,30,0,30,8,2,10,57,235,78.3333333333333,6.24,6.55,1.672,4.86,89,0.308,0.378,0.442,0.82,0.371,2.5,19.5,8.1,11.4,8.27,3.45,0.8,11.6,95,47,14,60.9,30.1,9,2.02,1390,47,24.3,75.7,11.4,27.1,15.6,62.6,55,4,10,0,0,0,0,0,0,0,1390,11,1.7,0.81,-13.2,10.8379736842105,4.79,94,4.64,91,7.05,126,123,17.52,2.4,"NO","P"
"163","2026","vs_LHB","L",657272,"Erich Uelmen","SLW","R","Diestro","SP","Abridor",30,"USA","Las Vegas",19,NA,165,144,34,26,5,0,3,30,16,0,16,5,0,6,15,114,38,6.24,3.55,1.316,5.19,95,0.236,0.333,0.333,0.666,0.318,-7.4,18.2,9.7,8.5,7.11,3.79,0.71,8.05,55,19,6,68.8,23.8,7.5,2.89,615,46.7,21.6,78.4,10.1,25.5,15.4,62.1,55,4,10,0,0,0,0,0,0,0,1390,11,1.7,0.81,-13.2,10.8379736842105,4.79,94,4.64,91,7.05,126,123,17.52,2.4,"NO","P"
"164","2026","vs_RHB","R",657272,"Erich Uelmen","SLW","R","Diestro","SP","Abridor",30,"USA","Las Vegas",19,NA,204,184,67,48,12,3,4,42,14,0,14,3,2,4,42,121,40.3333333333333,6.24,9.37,2.008,4.55,83,0.364,0.414,0.527,0.941,0.414,10,20.6,6.9,13.7,9.37,3.12,0.89,14.95,40,28,8,52.6,36.8,10.5,1.43,775,47.2,26.5,73.5,12.5,28.3,15.7,63,55,4,10,0,0,0,0,0,0,0,1390,11,1.7,0.81,-13.2,10.8379736842105,4.79,94,4.64,91,7.05,126,123,17.52,2.4,"NO","P"
"165","2026","Overall","All",692643,"Ernesto Borges","TIG","R","Diestro","SP","Abridor",25,"Mexico","Campeche",18,3,180,149,36,25,7,0,4,23,25,3,22,4,0,6,23,120,40,3.6,5.18,1.45,6.18,113,0.242,0.365,0.369,0.734,0.348,-2.8,12.8,12.2,0.6,5.18,4.95,0.9,8.1,48,33,11,52.2,35.9,12,1.45,683,41.3,17.7,82.3,7.3,23.3,16,57.2,16,1,3,0,0,0,0,0,0,1,683,5,0,-0.52,5,11.5925925925926,6.12,120,6.2,122,4.5,80,71,17.08,0.92,"NO","P"
"166","2026","vs_LHB","L",692643,"Ernesto Borges","TIG","R","Diestro","SP","Abridor",25,"Mexico","Campeche",18,NA,105,84,24,16,5,0,3,12,20,2,18,1,0,3,16,62,20.6666666666667,3.6,6.97,2.032,7.56,138,0.286,0.429,0.452,0.881,0.409,4.6,11.4,17.1,-5.7,5.23,7.84,1.31,10.45,28,13,8,57.1,26.5,16.3,2.15,422,38.6,16.6,83.4,6.4,22.3,15.9,54.5,16,1,3,0,0,0,0,0,0,1,683,5,0,-0.52,5,11.5925925925926,6.12,120,6.2,122,4.5,80,71,17.08,0.92,"NO","P"
"167","2026","vs_RHB","R",692643,"Ernesto Borges","TIG","R","Diestro","SP","Abridor",25,"Mexico","Campeche",17,NA,75,65,12,9,2,0,1,11,5,1,4,3,0,3,7,58,19.3333333333333,3.6,3.26,0.828,4.7,86,0.185,0.274,0.262,0.536,0.261,-7.6,14.7,5.3,9.4,5.12,1.86,0.47,5.59,20,20,3,46.5,46.5,7,1,261,45.6,19.3,80.7,8.8,24.9,16.1,61.7,16,1,3,0,0,0,0,0,0,1,683,5,0,-0.52,5,11.5925925925926,6.12,120,6.2,122,4.5,80,71,17.08,0.92,"NO","P"
"168","2026","Overall","All",592889,"Ernesto Zaragoza","QRO","R","Diestro","SP","Abridor",33,"USA","Anaheim",26,3,215,192,56,36,11,1,8,35,16,1,15,5,0,4,28,142,47.3333333333333,4.37,5.32,1.5,6.07,111,0.292,0.362,0.484,0.846,0.374,2.1,16.3,7,9.3,6.65,2.85,1.52,10.65,57,46,4,53.3,43,3.7,1.24,818,45.6,21.2,78.8,9.7,26.3,16.6,62.2,23,2,2,0,1,1,1,0,0,0,819,6,0,-0.42,2.6,11.5268076923077,6.02,118,5.45,107,4.59,82,86,17.3,2.19,"NO","P"
"169","2026","vs_LHB","L",592889,"Ernesto Zaragoza","QRO","R","Diestro","SP","Abridor",33,"USA","Anaheim",26,NA,95,82,28,19,5,0,4,19,8,1,7,3,0,1,13,57,19,4.37,6.16,1.842,6.4,117,0.341,0.419,0.549,0.968,0.429,6.1,20,7.4,12.6,9,3.32,1.89,13.26,21,17,1,53.8,43.6,2.6,1.24,360,45.8,26.1,73.9,11.9,28.1,16.1,61.9,23,2,2,0,1,1,1,0,0,0,819,6,0,-0.42,2.6,11.5268076923077,6.02,118,5.45,107,4.59,82,86,17.3,2.19,"NO","P"
"170","2026","vs_RHB","R",592889,"Ernesto Zaragoza","QRO","R","Diestro","SP","Abridor",33,"USA","Anaheim",26,NA,120,110,28,17,6,1,4,16,8,0,8,2,0,3,15,85,28.3333333333333,4.37,4.76,1.271,5.84,107,0.255,0.317,0.436,0.753,0.332,-3.8,13.3,6.7,6.6,5.08,2.54,1.27,8.89,36,29,3,52.9,42.6,4.4,1.24,458,45.4,17.3,82.7,7.9,24.9,17,62.4,23,2,2,0,1,1,1,0,0,0,819,6,0,-0.42,2.6,11.5268076923077,6.02,118,5.45,107,4.59,82,86,17.3,2.19,"NO","P"
"171","2026","Overall","All",692068,"Erubiel Armenta","YUC","L","Zurdo","SP","Abridor",26,"Mexico","Tijuana",20,1,74,60,9,9,0,0,0,32,12,0,12,2,0,1,2,52,17.3333333333333,1.56,1.04,1.212,2.81,51,0.15,0.311,0.15,0.461,0.262,-7.4,43.2,16.2,27,16.62,6.23,0,4.67,9,9,1,47.4,47.4,5.3,1,332,35.8,37,63,13.3,36.1,22.9,58.7,3,0,1,0,0,6,0,0,0,0,332,2,0.6,2.87,8.4,10.991025,2.73,54,3.62,71,2.11,38,31,19.15,2.67,"NO","P"
"172","2026","vs_LHB","L",692068,"Erubiel Armenta","YUC","L","Zurdo","SP","Abridor",26,"Mexico","Tijuana",14,NA,26,20,4,4,0,0,0,6,4,0,4,2,0,1,0,17,5.66666666666667,1.56,0,1.412,5.14,94,0.2,0.385,0.2,0.585,0.327,-0.9,23.1,15.4,7.7,9.53,6.35,0,6.35,7,3,0,70,30,0,2.33,103,41.7,23.3,76.7,9.7,30.1,20.4,62.1,3,0,1,0,0,6,0,0,0,0,332,2,0.6,2.87,8.4,10.991025,2.73,54,3.62,71,2.11,38,31,19.15,2.67,"NO","P"
"173","2026","vs_RHB","R",692068,"Erubiel Armenta","YUC","L","Zurdo","SP","Abridor",26,"Mexico","Tijuana",18,NA,48,40,5,5,0,0,0,26,8,0,8,0,0,0,2,35,11.6666666666667,1.56,1.54,1.114,1.68,31,0.125,0.271,0.125,0.396,0.227,-6.5,54.2,16.7,37.5,20.06,6.17,0,3.86,2,6,1,22.2,66.7,11.1,0.33,229,33.2,44.7,55.3,14.8,38.9,24,57.2,3,0,1,0,0,6,0,0,0,0,332,2,0.6,2.87,8.4,10.991025,2.73,54,3.62,71,2.11,38,31,19.15,2.67,"NO","P"
"174","2026","Overall","All",469134,"Esmil Rogers","YUC","R","Diestro","SP","Abridor",40,"Dominican Republic","Santo Domingo",17,16,372,338,119,76,28,4,11,42,22,0,22,4,6,16,59,242,80.6666666666667,6.81,6.58,1.748,5.78,105,0.352,0.392,0.556,0.948,0.408,16.1,11.3,5.9,5.4,4.69,2.45,1.23,13.28,86,86,14,46.2,46.2,7.5,1,1300,45.5,16.7,83.3,7.6,26.8,19.2,64.8,61,4,5,0,0,0,0,0,0,1,1300,4,0.9,-0.13,-13,11.5022156862745,5.73,113,5.74,113,7.18,128,134,16.12,1.91,"NO","P"
"175","2026","vs_LHB","L",469134,"Esmil Rogers","YUC","R","Diestro","SP","Abridor",40,"Dominican Republic","Santo Domingo",17,NA,182,163,58,36,14,2,6,21,15,0,15,2,2,7,25,113,37.6666666666667,6.81,5.97,1.938,6.39,117,0.356,0.412,0.577,0.989,0.427,11.2,11.5,8.2,3.3,5.02,3.58,1.43,13.86,38,44,7,42.7,49.4,7.9,0.86,638,41.4,15.2,84.8,6.3,26.5,20.2,61.6,61,4,5,0,0,0,0,0,0,1,1300,4,0.9,-0.13,-13,11.5022156862745,5.73,113,5.74,113,7.18,128,134,16.12,1.91,"NO","P"
"176","2026","vs_RHB","R",469134,"Esmil Rogers","YUC","R","Diestro","SP","Abridor",40,"Dominican Republic","Santo Domingo",17,NA,190,175,61,40,14,2,5,21,7,0,7,2,4,9,34,129,43,6.81,7.12,1.581,5.24,96,0.349,0.372,0.537,0.909,0.39,4.8,11.1,3.7,7.4,4.4,1.47,1.05,12.77,48,42,7,49.5,43.3,7.2,1.14,662,49.5,18,82,8.9,27.2,18.3,67.8,61,4,5,0,0,0,0,0,0,1,1300,4,0.9,-0.13,-13,11.5022156862745,5.73,113,5.74,113,7.18,128,134,16.12,1.91,"NO","P"
"177","2026","Overall","All",666627,"Faustino Carrera","LEO","L","Zurdo","SP","Abridor",27,"Mexico","Ciudad Obregon",11,11,194,178,54,38,6,1,9,31,11,0,11,3,2,7,24,133,44.3333333333333,4.84,4.87,1.466,6.27,114,0.303,0.351,0.5,0.851,0.37,1.1,16,5.7,10.3,6.29,2.23,1.83,10.96,44,47,7,44.9,48,7.1,0.94,747,46.7,21.8,78.2,10.2,27.3,17.1,63.9,24,2,4,0,0,0,0,0,0,0,747,2,0.3,-0.61,-1.4,11.8085151515152,6.21,122,5.35,105,5.7,102,95,16.72,2.82,"NO","P"
"178","2026","vs_LHB","L",666627,"Faustino Carrera","LEO","L","Zurdo","SP","Abridor",27,"Mexico","Ciudad Obregon",11,NA,61,56,14,10,2,1,1,13,4,0,4,1,0,4,3,46,15.3333333333333,4.84,1.76,1.174,4.21,77,0.25,0.311,0.375,0.686,0.31,-3.2,21.3,6.6,14.7,7.63,2.35,0.59,8.22,15,11,2,53.6,39.3,7.1,1.36,228,46.1,30.5,69.5,14,30.3,16.2,62.3,24,2,4,0,0,0,0,0,0,0,747,2,0.3,-0.61,-1.4,11.8085151515152,6.21,122,5.35,105,5.7,102,95,16.72,2.82,"NO","P"
"179","2026","vs_RHB","R",666627,"Faustino Carrera","LEO","L","Zurdo","SP","Abridor",27,"Mexico","Ciudad Obregon",11,NA,133,122,40,28,4,0,8,18,7,0,7,2,2,3,21,87,29,4.84,6.52,1.621,7.36,134,0.328,0.368,0.557,0.925,0.398,4.4,13.5,5.3,8.2,5.59,2.17,2.48,12.41,29,36,5,41.4,51.4,7.1,0.81,519,47,18,82,8.5,26,17.5,64.5,24,2,4,0,0,0,0,0,0,0,747,2,0.3,-0.61,-1.4,11.8085151515152,6.21,122,5.35,105,5.7,102,95,16.72,2.82,"NO","P"
"180","2026","Overall","All",542413,"Felipe Gonzalez","LEO","R","Diestro","SP","Abridor",34,"Mexico","Guadalupe",17,17,353,310,80,59,12,0,9,67,36,2,34,2,1,9,47,245,81.6666666666667,5.6,5.18,1.396,5.19,95,0.258,0.338,0.384,0.722,0.332,-11.1,19,9.6,9.4,7.38,3.75,0.99,8.82,71,81,15,42.5,48.5,9,0.88,1398,45.8,23.8,76.2,10.9,27,16.1,61.9,51,5,5,0,0,0,0,0,0,0,1398,3,1.5,0.47,0.4,11.0221568627451,5.13,101,5.36,105,5.82,104,110,17.05,1.86,"NO","P"
"181","2026","vs_LHB","L",542413,"Felipe Gonzalez","LEO","R","Diestro","SP","Abridor",34,"Mexico","Guadalupe",17,NA,180,152,47,30,11,0,6,34,24,2,22,1,1,5,25,115,38.3333333333333,5.6,5.87,1.8,6.14,112,0.309,0.404,0.5,0.904,0.404,7.1,18.9,12.2,6.7,7.98,5.17,1.41,11.03,31,41,5,40.3,53.2,6.5,0.76,704,44,24.8,75.2,10.9,24.9,13.9,58,51,5,5,0,0,0,0,0,0,0,1398,3,1.5,0.47,0.4,11.0221568627451,5.13,101,5.36,105,5.82,104,110,17.05,1.86,"NO","P"
"182","2026","vs_RHB","R",542413,"Felipe Gonzalez","LEO","R","Diestro","SP","Abridor",34,"Mexico","Guadalupe",17,NA,173,158,33,29,1,0,3,33,12,0,12,1,0,4,22,130,43.3333333333333,5.6,4.57,1.038,4.36,80,0.209,0.269,0.272,0.541,0.257,-18.2,19.1,6.9,12.2,6.85,2.49,0.62,6.85,40,40,10,44.4,44.4,11.1,1,694,47.6,22.7,77.3,10.8,29.1,18.3,65.9,51,5,5,0,0,0,0,0,0,0,1398,3,1.5,0.47,0.4,11.0221568627451,5.13,101,5.36,105,5.82,104,110,17.05,1.86,"NO","P"
"183","2026","Overall","All",687486,"Fineas Del Bonta-Smith","SLW","R","Diestro","SP","Abridor",29,"USA","Chico",10,9,186,169,43,26,13,3,1,36,11,0,11,2,4,3,22,132,44,3.89,4.5,1.227,3.63,66,0.254,0.301,0.385,0.686,0.302,-11.3,19.4,5.9,13.5,7.36,2.25,0.2,8.8,53,24,10,60.9,27.6,11.5,2.21,676,50.6,25.1,74.9,12.7,30.6,17.9,68.5,19,3,2,0,0,0,0,0,0,1,676,2,1.5,2.03,4.3,9.91133333333333,3.57,70,4.18,82,4.5,80,76,15.36,3.27,"NO","P"
"184","2026","vs_LHB","L",687486,"Fineas Del Bonta-Smith","SLW","R","Diestro","SP","Abridor",29,"USA","Chico",10,NA,89,82,19,10,7,1,1,16,5,0,5,0,2,2,11,67,22.3333333333333,3.89,4.43,1.075,3.9,71,0.232,0.27,0.378,0.648,0.28,-7.3,18,5.6,12.4,6.45,2.01,0.4,7.66,28,12,7,59.6,25.5,14.9,2.33,322,45.7,19.7,80.3,9,30.7,21.7,67.4,19,3,2,0,0,0,0,0,0,1,676,2,1.5,2.03,4.3,9.91133333333333,3.57,70,4.18,82,4.5,80,76,15.36,3.27,"NO","P"
"185","2026","vs_RHB","R",687486,"Fineas Del Bonta-Smith","SLW","R","Diestro","SP","Abridor",29,"USA","Chico",10,NA,97,87,24,16,6,2,0,20,6,0,6,2,2,1,11,65,21.6666666666667,3.89,4.57,1.385,3.34,61,0.276,0.33,0.391,0.721,0.322,-4,20.6,6.2,14.4,8.31,2.49,0,9.97,25,12,3,62.5,30,7.5,2.08,354,55.1,29.2,70.8,16.1,30.5,14.4,69.5,19,3,2,0,0,0,0,0,0,1,676,2,1.5,2.03,4.3,9.91133333333333,3.57,70,4.18,82,4.5,80,76,15.36,3.27,"NO","P"
"186","2026","Overall","All",662964,"Francisco Haro","YUC","R","Diestro","SP","Abridor",29,"Mexico","Los Mochis",2,1,26,24,8,5,1,1,1,4,2,0,2,0,0,1,3,18,6,4.5,4.5,1.667,5.91,108,0.333,0.385,0.583,0.968,0.41,1.2,15.4,7.7,7.7,6,3,1.5,12,5,5,2,41.7,41.7,16.7,1,99,51.5,21.6,78.4,11.1,26.3,15.2,66.7,3,1,0,0,0,0,0,0,0,0,99,0,0,-0.25,0.7,11.525,5.85,115,5.08,100,4.5,80,88,16.5,2,"NO","P"
"187","2026","vs_LHB","L",662964,"Francisco Haro","YUC","R","Diestro","SP","Abridor",29,"Mexico","Los Mochis",2,NA,13,12,4,2,0,1,1,1,1,0,1,0,0,1,3,9,3,4.5,9,1.667,8.75,160,0.333,0.385,0.75,1.135,0.451,1.1,7.7,7.7,0,3,3,3,12,3,3,1,42.9,42.9,14.3,1,47,53.2,20,80,10.6,21.3,10.6,63.8,3,1,0,0,0,0,0,0,0,0,99,0,0,-0.25,0.7,11.525,5.85,115,5.08,100,4.5,80,88,16.5,2,"NO","P"
"188","2026","vs_RHB","R",662964,"Francisco Haro","YUC","R","Diestro","SP","Abridor",29,"Mexico","Los Mochis",2,NA,13,12,4,3,1,0,0,3,1,0,1,0,0,0,0,9,3,4.5,0,1.667,3.08,56,0.333,0.385,0.417,0.802,0.368,0.1,23.1,7.7,15.4,9,3,0,12,2,2,1,40,40,20,1,52,50,23.1,76.9,11.5,30.8,19.2,69.2,3,1,0,0,0,0,0,0,0,0,99,0,0,-0.25,0.7,11.525,5.85,115,5.08,100,4.5,80,88,16.5,2,"NO","P"
"189","2026","Overall","All",642590,"Francisco Rios","YUC","R","Diestro","SP","Abridor",31,"Mexico","Monclova",11,1,97,87,25,17,3,2,3,7,9,0,9,0,0,1,16,64,21.3333333333333,5.91,6.75,1.594,6.52,119,0.287,0.354,0.471,0.825,0.362,-0.2,7.2,9.3,-2.1,2.95,3.8,1.27,10.55,29,27,2,50,46.6,3.4,1.07,326,47.2,14.3,85.7,6.7,24.2,17.5,64.7,14,0,2,0,0,1,0,0,0,0,326,1,-0.1,-0.88,-2.8,11.6813333333333,6.48,127,6.78,133,6.82,122,116,15.28,0.78,"NO","P"
"190","2026","vs_LHB","L",642590,"Francisco Rios","YUC","R","Diestro","SP","Abridor",31,"Mexico","Monclova",10,NA,49,45,10,6,1,1,2,4,3,0,3,0,0,1,8,37,12.3333333333333,5.91,5.84,1.054,6.27,114,0.222,0.271,0.422,0.693,0.296,-3.3,8.2,6.1,2.1,2.92,2.19,1.46,7.3,16,15,2,48.5,45.5,6.1,1.07,170,51.2,10.3,89.7,5.3,21.8,16.5,67.6,14,0,2,0,0,1,0,0,0,0,326,1,-0.1,-0.88,-2.8,11.6813333333333,6.48,127,6.78,133,6.82,122,116,15.28,0.78,"NO","P"
"191","2026","vs_RHB","R",642590,"Francisco Rios","YUC","R","Diestro","SP","Abridor",31,"Mexico","Monclova",10,NA,48,42,15,11,2,1,1,3,6,0,6,0,0,0,8,27,9,5.91,8,2.333,6.86,125,0.357,0.438,0.524,0.962,0.428,3,6.2,12.5,-6.3,3,6,1,15,13,12,0,52,48,0,1.08,156,42.9,19.4,80.6,8.3,26.9,18.6,61.5,14,0,2,0,0,1,0,0,0,0,326,1,-0.1,-0.88,-2.8,11.6813333333333,6.48,127,6.78,133,6.82,122,116,15.28,0.78,"NO","P"
"192","2026","vs_RHB","R",467094,"Félix Doubront","DUR","L","Zurdo",NA,NA,NA,NA,NA,2,NA,12,10,5,4,1,0,0,2,2,0,2,0,0,0,2,5,1.66666666666667,15,10.8,4.2,5.28,96,0.5,0.583,0.6,1.183,0.541,2.1,16.7,16.7,0,10.8,10.8,0,27,1,2,0,33.3,66.7,0,0.5,55,30.9,23.5,76.5,7.3,34.5,27.3,58.2,5,0,0,0,0,0,0,0,0,0,77,0,0.1,2.25,-4.3,10.8375,3.35,66,5.03,99,15,268,295,25.67,2,"NO","P"
"193","2026","Overall","All",676362,"Gabriel Ponce","CHI","R","Diestro","SP","Abridor",27,"USA","San Luis",27,12,328,280,69,47,10,4,8,85,36,0,36,5,2,3,38,220,73.3333333333333,5.03,4.66,1.432,4.86,89,0.246,0.341,0.396,0.737,0.336,-9,25.9,11,14.9,10.43,4.42,0.98,8.47,60,68,4,45.5,51.5,3,0.88,1288,47.3,32.5,67.5,15.4,31.9,16.5,63.8,41,3,3,0,0,3,0,0,0,0,1285,7,1.2,0.84,2.4,11.020962962963,4.76,94,4.9,96,5.29,94,99,17.52,2.43,"NO","P"
"194","2026","vs_LHB","L",676362,"Gabriel Ponce","CHI","R","Diestro","SP","Abridor",27,"USA","San Luis",24,NA,132,109,24,15,3,0,6,24,19,0,19,0,1,1,23,89,29.6666666666667,5.03,6.98,1.449,7.01,128,0.22,0.333,0.413,0.746,0.338,-3.4,18.2,14.4,3.8,7.28,5.76,1.82,7.28,32,35,0,47.8,52.2,0,0.91,528,47.3,24,76,11.4,25.9,14.6,61.9,41,3,3,0,0,3,0,0,0,0,1285,7,1.2,0.84,2.4,11.020962962963,4.76,94,4.9,96,5.29,94,99,17.52,2.43,"NO","P"
"195","2026","vs_RHB","R",676362,"Gabriel Ponce","CHI","R","Diestro","SP","Abridor",27,"USA","San Luis",27,NA,196,171,45,32,7,4,2,61,17,0,17,5,1,2,15,131,43.6666666666667,5.03,3.09,1.42,3.39,62,0.263,0.345,0.386,0.731,0.334,-5.8,31.1,8.7,22.4,12.57,3.5,0.41,9.27,28,33,4,43.1,50.8,6.2,0.85,760,47.2,38.4,61.6,18.2,36.1,17.9,65.1,41,3,3,0,0,3,0,0,0,0,1285,7,1.2,0.84,2.4,11.020962962963,4.76,94,4.9,96,5.29,94,99,17.52,2.43,"NO","P"
"196","2026","Overall","All",593679,"Gabriel Ynoa","VER","R","Diestro","SP","Abridor",33,"Dominican Republic","La Vega",18,11,264,246,84,58,14,3,9,39,12,0,12,3,1,8,41,176,58.6666666666667,6.25,6.29,1.636,5.51,101,0.341,0.378,0.533,0.911,0.395,8,14.8,4.5,10.3,5.98,1.84,1.38,12.89,50,68,9,39.4,53.5,7.1,0.74,1013,48.8,16.6,83.4,8.1,24.6,16.5,65.3,41,4,4,0,0,1,0,0,0,1,1013,5,0.6,0.16,-8.5,11.3125925925926,5.44,107,5.39,106,7.32,131,123,17.17,3.25,"NO","P"
"197","2026","vs_LHB","L",593679,"Gabriel Ynoa","VER","R","Diestro","SP","Abridor",33,"Dominican Republic","La Vega",18,NA,126,119,33,21,6,1,5,22,5,0,5,2,0,2,25,90,30,6.25,7.5,1.267,5.48,100,0.277,0.317,0.471,0.788,0.342,-2.7,17.5,4,13.5,6.6,1.5,1.5,9.9,20,41,6,29.9,61.2,9,0.49,508,52.2,19.2,80.8,10,24.4,14.4,66.5,41,4,4,0,0,1,0,0,0,1,1013,5,0.6,0.16,-8.5,11.3125925925926,5.44,107,5.39,106,7.32,131,123,17.17,3.25,"NO","P"
"198","2026","vs_RHB","R",593679,"Gabriel Ynoa","VER","R","Diestro","SP","Abridor",33,"Dominican Republic","La Vega",16,NA,138,127,51,37,8,2,4,17,7,0,7,1,1,6,16,86,28.6666666666667,6.25,5.02,2.023,5.55,101,0.402,0.434,0.591,1.025,0.445,11,12.3,5.1,7.2,5.34,2.2,1.26,16.01,30,27,3,50,45,5,1.11,505,45.3,13.5,86.5,6.1,24.8,18.6,64,41,4,4,0,0,1,0,0,0,1,1013,5,0.6,0.16,-8.5,11.3125925925926,5.44,107,5.39,106,7.32,131,123,17.17,3.25,"NO","P"
"199","2026","Overall","All",669431,"Gil Luna","LAR","L","Zurdo","SP","Abridor",26,"USA","Phoenix",30,1,129,103,30,24,3,1,2,22,17,0,17,6,1,6,26,82,27.3333333333333,6.51,8.56,1.72,5.95,109,0.291,0.417,0.398,0.815,0.388,3,17.1,13.2,3.9,7.24,5.6,0.66,9.88,23,22,4,46.9,44.9,8.2,1.05,484,46.5,30.2,69.8,14,26.9,12.8,59.3,20,3,1,0,0,5,0,0,0,0,480,6,0.1,-0.18,-5.4,11.4272,5.78,114,6.12,120,6.95,124,128,17.35,1.38,"NO","P"
"200","2026","vs_LHB","L",669431,"Gil Luna","LAR","L","Zurdo","SP","Abridor",26,"USA","Phoenix",27,NA,56,43,15,13,2,0,0,7,9,0,9,2,0,1,8,30,10,6.51,7.2,2.4,5.98,109,0.349,0.481,0.395,0.876,0.43,3.6,12.5,16.1,-3.6,6.3,8.1,0,13.5,9,10,1,45,50,5,0.9,216,43.1,24.7,75.3,10.6,25,14.4,57.4,20,3,1,0,0,5,0,0,0,0,480,6,0.1,-0.18,-5.4,11.4272,5.78,114,6.12,120,6.95,124,128,17.35,1.38,"NO","P"
"201","2026","vs_RHB","R",669431,"Gil Luna","LAR","L","Zurdo","SP","Abridor",26,"USA","Phoenix",28,NA,73,60,15,11,1,1,2,15,8,0,8,4,1,5,18,52,17.3333333333333,6.51,9.35,1.327,5.93,108,0.25,0.37,0.4,0.77,0.357,-0.5,20.5,11,9.5,7.79,4.15,1.04,7.79,14,12,3,48.3,41.4,10.3,1.17,268,49.3,34.1,65.9,16.8,28.4,11.6,60.8,20,3,1,0,0,5,0,0,0,0,480,6,0.1,-0.18,-5.4,11.4272,5.78,114,6.12,120,6.95,124,128,17.35,1.38,"NO","P"
"202","2026","Overall","All",827710,"Greg Duncan","AGS","R","Diestro","SP","Abridor",27,NA,NA,21,18,403,367,104,71,20,1,12,77,27,1,26,7,1,13,58,280,93.3333333333333,5.55,5.59,1.393,5.16,94,0.283,0.343,0.441,0.784,0.35,-5.5,19.1,6.5,12.6,7.43,2.51,1.16,10.03,93,91,10,47.9,46.9,5.2,1.02,1533,46.8,23.4,76.6,11,28.9,17.9,64.7,58,3,5,0,0,0,0,1,1,0,1533,11,1.6,0.51,-3.7,11.0195238095238,5.09,100,5.06,99,5.94,106,109,16.31,2.85,"YES","P"
"203","2026","vs_LHB","L",827710,"Greg Duncan","AGS","R","Diestro","SP","Abridor",27,NA,NA,20,NA,170,157,45,29,10,1,5,35,12,1,11,1,0,4,23,121,40.3333333333333,5.55,5.13,1.388,4.85,89,0.287,0.341,0.459,0.8,0.353,-1.8,20.6,6.5,14.1,7.81,2.45,1.12,10.04,45,31,6,54.9,37.8,7.3,1.45,672,45.4,23.3,76.7,10.6,28.6,18,63.4,58,3,5,0,0,0,0,1,1,0,1533,11,1.6,0.51,-3.7,11.0195238095238,5.09,100,5.06,99,5.94,106,109,16.31,2.85,"YES","P"
"204","2026","vs_RHB","R",827710,"Greg Duncan","AGS","R","Diestro","SP","Abridor",27,NA,NA,21,NA,233,210,59,42,10,0,7,42,15,0,15,6,1,9,35,159,53,5.55,5.94,1.396,5.4,99,0.281,0.345,0.429,0.774,0.349,-3.4,18,6.4,11.6,7.13,2.55,1.19,10.02,48,60,4,42.9,53.6,3.6,0.8,861,47.9,23.5,76.5,11.3,29.2,17.9,65.7,58,3,5,0,0,0,0,1,1,0,1533,11,1.6,0.51,-3.7,11.0195238095238,5.09,100,5.06,99,5.94,106,109,16.31,2.85,"YES","P"
"205","2026","Overall","All",650893,"Génesis Cabrera","MEX","L","Zurdo","SP","Abridor",29,"Dominican Republic","Santo Domingo",5,1,24,18,7,3,2,0,2,5,5,0,5,1,0,0,7,12,4,20.25,15.75,3,12.58,230,0.389,0.542,0.833,1.375,0.57,4.9,20.8,20.8,0,11.25,11.25,4.5,15.75,2,6,0,25,75,0,0.33,98,41.8,22,78,9.2,20.4,11.2,53.1,9,0,1,0,0,1,0,0,0,0,98,3,-0.2,-6.92,-4.9,12.3226666666667,12.52,246,8.54,168,20.25,362,398,24.5,1,"NO","P"
"206","2026","vs_RHB","R",650893,"Génesis Cabrera","MEX","L","Zurdo","SP","Abridor",29,"Dominican Republic","Santo Domingo",5,NA,19,15,5,2,1,0,2,4,3,0,3,1,0,0,6,10,3.33333333333333,20.25,16.2,2.4,13.08,239,0.333,0.474,0.8,1.274,0.525,3,21.1,15.8,5.3,10.8,8.1,5.4,13.5,2,6,0,25,75,0,0.33,77,42.9,21.2,78.8,9.1,20.8,11.7,54.5,9,0,1,0,0,1,0,0,0,0,98,3,-0.2,-6.92,-4.9,12.3226666666667,12.52,246,8.54,168,20.25,362,398,24.5,1,"NO","P"
"207","2026","Overall","All",656083,"Harol González","AGS","R","Diestro","SP","Abridor",31,"Dominican Republic","Santo Domingo",11,11,209,189,61,38,12,1,10,33,16,0,16,3,0,6,34,138,46,6.94,6.65,1.674,6.71,122,0.323,0.385,0.556,0.941,0.408,9,15.8,7.7,8.1,6.46,3.13,1.96,11.93,39,60,4,37.9,58.3,3.9,0.65,793,49.2,20.5,79.5,10.1,24.5,14.4,63.6,36,5,3,0,0,0,0,0,0,0,793,3,0.2,-1.04,-7.4,12.128,6.64,130,6,118,7.01,125,136,16.99,2.06,"NO","P"
"208","2026","vs_LHB","L",656083,"Harol González","AGS","R","Diestro","SP","Abridor",31,"Dominican Republic","Santo Domingo",11,NA,92,82,25,17,4,0,4,18,7,0,7,2,0,2,12,61,20.3333333333333,6.94,5.31,1.574,6.19,113,0.305,0.374,0.5,0.874,0.387,2.1,19.6,7.6,12,7.97,3.1,1.77,11.07,15,27,1,34.9,62.8,2.3,0.56,364,49.7,22.1,77.9,11,24.2,13.2,62.9,36,5,3,0,0,0,0,0,0,0,793,3,0.2,-1.04,-7.4,12.128,6.64,130,6,118,7.01,125,136,16.99,2.06,"NO","P"
"209","2026","vs_RHB","R",656083,"Harol González","AGS","R","Diestro","SP","Abridor",31,"Dominican Republic","Santo Domingo",11,NA,117,107,36,21,8,1,6,15,9,0,9,1,0,4,22,77,25.6666666666667,6.94,7.71,1.753,7.12,130,0.336,0.393,0.598,0.991,0.424,6.9,12.8,7.7,5.1,5.26,3.16,2.1,12.62,24,33,3,40,55,5,0.73,429,48.7,19.1,80.9,9.3,24.7,15.4,64.1,36,5,3,0,0,0,0,0,0,0,793,3,0.2,-1.04,-7.4,12.128,6.64,130,6,118,7.01,125,136,16.99,2.06,"NO","P"
"210","2026","Overall","All",660431,"Hector Perez","LAG","R","Diestro","SP","Abridor",30,"Dominican Republic","Santo Domingo",34,5,195,165,44,31,6,1,6,44,23,1,22,3,1,5,28,126,42,5.23,6,1.571,5.63,103,0.267,0.365,0.424,0.789,0.36,-0.8,22.6,11.3,11.3,9.43,4.71,1.29,9.43,39,33,5,50.6,42.9,6.5,1.18,763,45.2,27,73,12.2,27.3,15.1,60.3,24,2,5,0,2,4,2,0,0,0,745,4,0.2,-0.05,-5.5,11.4100735294118,5.65,111,5.06,99,6.57,117,103,18.02,1.87,"NO","P"
"211","2026","vs_LHB","L",660431,"Hector Perez","LAG","R","Diestro","SP","Abridor",30,"Dominican Republic","Santo Domingo",30,NA,75,62,16,9,3,1,3,20,12,1,11,0,1,1,12,46,15.3333333333333,5.23,7.04,1.761,6.17,113,0.258,0.373,0.484,0.857,0.378,1,26.7,14.7,12,11.74,6.46,1.76,9.39,14,13,0,51.9,48.1,0,1.08,331,44.7,30.4,69.6,13.6,29,15.4,60.1,24,2,5,0,2,4,2,0,0,0,745,4,0.2,-0.05,-5.5,11.4100735294118,5.65,111,5.06,99,6.57,117,103,18.02,1.87,"NO","P"
"212","2026","vs_RHB","R",660431,"Hector Perez","LAG","R","Diestro","SP","Abridor",30,"Dominican Republic","Santo Domingo",34,NA,120,103,28,22,3,0,3,24,11,0,11,3,0,4,16,80,26.6666666666667,5.23,5.4,1.462,5.32,97,0.272,0.359,0.388,0.747,0.348,-1.9,20,9.2,10.8,8.1,3.71,1.01,9.45,25,20,5,50,40,10,1.25,432,45.6,24.4,75.6,11.1,25.9,14.8,60.4,24,2,5,0,2,4,2,0,0,0,745,4,0.2,-0.05,-5.5,11.4100735294118,5.65,111,5.06,99,6.57,117,103,18.02,1.87,"NO","P"
"213","2026","Overall","All",806327,"Hector Sepulveda","JAL","R","Diestro","SP","Abridor",30,"USA","Tuscon",6,2,52,44,15,10,3,1,1,10,5,0,5,2,0,1,11,33,11,7.36,9,1.818,5.35,98,0.341,0.431,0.523,0.954,0.426,3.2,19.2,9.6,9.6,8.18,4.09,0.82,12.27,9,8,2,47.4,42.1,10.5,1.12,195,41,21.2,78.8,8.7,28.7,20,61,9,0,1,0,0,0,0,0,0,1,195,3,0.1,0.31,-4.1,11.3052777777778,5.29,104,5.33,105,7.36,131,145,17.73,2,"NO","P"
"214","2026","vs_LHB","L",806327,"Hector Sepulveda","JAL","R","Diestro","SP","Abridor",30,"USA","Tuscon",6,NA,24,19,7,2,3,1,1,6,3,0,3,1,0,0,7,15,5,7.36,12.6,2,6.68,122,0.368,0.478,0.789,1.267,0.517,3.6,25,12.5,12.5,10.8,5.4,1.8,12.6,4,3,0,57.1,42.9,0,1.33,87,42.5,24.3,75.7,10.3,31,20.7,63.2,9,0,1,0,0,0,0,0,0,1,195,3,0.1,0.31,-4.1,11.3052777777778,5.29,104,5.33,105,7.36,131,145,17.73,2,"NO","P"
"215","2026","vs_RHB","R",806327,"Hector Sepulveda","JAL","R","Diestro","SP","Abridor",30,"USA","Tuscon",6,NA,28,25,8,8,0,0,0,4,2,0,2,1,0,1,4,18,6,7.36,6,1.667,4.25,78,0.32,0.393,0.32,0.713,0.351,-0.4,14.3,7.1,7.2,6,3,0,12,5,5,2,41.7,41.7,16.7,1,108,39.8,18.6,81.4,7.4,26.9,19.4,59.3,9,0,1,0,0,0,0,0,0,1,195,3,0.1,0.31,-4.1,11.3052777777778,5.29,104,5.33,105,7.36,131,145,17.73,2,"NO","P"
"216","2026","Overall","All",464400,"Henry Sosa","TIG","R","Diestro","SP","Abridor",40,"Dominican Republic","El Seybo",6,5,73,69,22,12,4,1,5,11,4,0,4,0,0,2,12,51,17,6.88,6.35,1.529,7.32,134,0.319,0.356,0.623,0.979,0.408,3.2,15.1,5.5,9.6,5.82,2.12,2.65,11.65,15,22,3,37.5,55,7.5,0.68,280,45.4,22,78,10,27.5,17.5,62.9,13,1,1,1,1,0,0,0,0,0,280,0,-0.1,-1.66,-4.9,12.1838888888889,7.26,143,5.5,108,7.41,132,135,16.47,2.75,"NO","P"
"217","2026","vs_LHB","L",464400,"Henry Sosa","TIG","R","Diestro","SP","Abridor",40,"Dominican Republic","El Seybo",5,NA,44,40,14,8,1,1,4,7,4,0,4,0,0,0,9,27,9,6.88,9,2,9.64,176,0.35,0.409,0.725,1.134,0.468,4.5,15.9,9.1,6.8,7,4,4,14,6,14,2,27.3,63.6,9.1,0.43,174,44.3,24.7,75.3,10.9,28.7,17.8,62.1,13,1,1,1,1,0,0,0,0,0,280,0,-0.1,-1.66,-4.9,12.1838888888889,7.26,143,5.5,108,7.41,132,135,16.47,2.75,"NO","P"
"218","2026","vs_RHB","R",464400,"Henry Sosa","TIG","R","Diestro","SP","Abridor",40,"Dominican Republic","El Seybo",5,NA,29,29,8,4,3,0,1,4,0,0,0,0,0,2,3,24,8,6.88,3.38,1,4.7,86,0.276,0.276,0.483,0.759,0.318,-1.3,13.8,0,13.8,4.5,0,1.12,9,9,8,1,50,44.4,5.6,1.12,106,47.2,18,82,8.5,25.5,17,64.2,13,1,1,1,1,0,0,0,0,0,280,0,-0.1,-1.66,-4.9,12.1838888888889,7.26,143,5.5,108,7.41,132,135,16.47,2.75,"NO","P"
"219","2026","Overall","All",528748,"Humberto Castellanos","MEX","R","Diestro","SP","Abridor",28,"Mexico","Tepatitlan",14,14,240,214,63,38,17,1,7,52,17,0,17,5,2,4,27,160,53.3333333333333,4.73,4.56,1.5,5.07,93,0.294,0.357,0.481,0.838,0.369,1.2,21.7,7.1,14.6,8.78,2.87,1.18,10.63,47,48,9,45.2,46.2,8.7,0.98,940,49.5,18.3,81.7,9,24.8,15.7,65.2,28,3,1,0,0,0,0,0,0,0,943,2,1,0.58,3,11.0333571428571,5.02,99,4.82,95,5.25,94,93,17.68,3.06,"NO","P"
"220","2026","vs_LHB","L",528748,"Humberto Castellanos","MEX","R","Diestro","SP","Abridor",28,"Mexico","Tepatitlan",14,NA,115,101,26,15,8,1,2,23,10,0,10,2,1,1,6,79,26.3333333333333,4.73,2.05,1.367,4.69,86,0.257,0.333,0.416,0.749,0.335,-3.3,20,8.7,11.3,7.86,3.42,0.68,8.89,25,24,5,46.3,44.4,9.3,1.04,456,51.8,16.1,83.9,8.3,22.4,14,65.8,28,3,1,0,0,0,0,0,0,0,943,2,1,0.58,3,11.0333571428571,5.02,99,4.82,95,5.25,94,93,17.68,3.06,"NO","P"
"221","2026","vs_RHB","R",528748,"Humberto Castellanos","MEX","R","Diestro","SP","Abridor",28,"Mexico","Tepatitlan",14,NA,125,113,37,23,9,0,5,29,7,0,7,3,1,3,21,81,27,4.73,7,1.63,5.45,99,0.327,0.379,0.54,0.919,0.4,4.4,23.2,5.6,17.6,9.67,2.33,1.67,12.33,22,24,4,44,48,8,0.92,484,47.3,20.5,79.5,9.7,27.1,17.4,64.7,28,3,1,0,0,0,0,0,0,0,943,2,1,0.58,3,11.0333571428571,5.02,99,4.82,95,5.25,94,93,17.68,3.06,"NO","P"
"222","2026","Overall","All",677351,"Ian Villers","DUR","R","Diestro","SP","Abridor",25,"USA","Walnut Creek",8,8,129,119,41,28,4,5,4,13,9,0,9,1,0,6,17,84,28,5.97,5.46,1.786,6.08,111,0.345,0.395,0.563,0.958,0.411,5.9,10.1,7,3.1,4.18,2.89,1.29,13.18,41,22,5,60.3,32.4,7.4,1.86,492,48.6,16.3,83.7,7.9,23,15,63.6,19,1,2,0,0,0,0,0,0,0,492,7,0.3,-0.41,-2.1,11.640875,6.01,118,5.47,107,6.38,114,117,17.16,1.44,"NO","P"
"223","2026","vs_LHB","L",677351,"Ian Villers","DUR","R","Diestro","SP","Abridor",25,"USA","Walnut Creek",8,NA,55,50,20,14,1,3,2,4,5,0,5,0,0,3,6,33,11,5.97,4.91,2.273,7.08,129,0.4,0.455,0.66,1.115,0.472,5.8,7.3,9.1,-1.8,3.27,4.09,1.64,16.36,17,9,1,63,33.3,3.7,1.89,229,45.4,13.5,86.5,6.1,20.1,14,59.4,19,1,2,0,0,0,0,0,0,0,492,7,0.3,-0.41,-2.1,11.640875,6.01,118,5.47,107,6.38,114,117,17.16,1.44,"NO","P"
"224","2026","vs_RHB","R",677351,"Ian Villers","DUR","R","Diestro","SP","Abridor",25,"USA","Walnut Creek",8,NA,74,69,21,14,3,2,2,9,4,0,4,1,0,3,11,51,17,5.97,5.82,1.471,5.43,99,0.304,0.351,0.493,0.844,0.366,0.1,12.2,5.4,6.8,4.76,2.12,1.06,11.12,24,13,4,58.5,31.7,9.8,1.85,263,51.3,18.5,81.5,9.5,25.5,16,67.3,19,1,2,0,0,0,0,0,0,0,492,7,0.3,-0.41,-2.1,11.640875,6.01,118,5.47,107,6.38,114,117,17.16,1.44,"NO","P"
"225","2026","Overall","All",703721,"Ivan Izaguirre","SLW","R","Diestro","SP","Abridor",24,"Mexico","Guasave",24,1,139,123,40,33,4,1,2,20,10,0,10,2,1,8,22,92,30.6666666666667,3.82,6.46,1.63,4.8,88,0.325,0.382,0.423,0.805,0.368,0.5,14.4,7.2,7.2,5.87,2.93,0.59,11.74,35,20,5,58.3,33.3,8.3,1.75,503,43.5,19.6,80.4,8.5,27,18.5,62,13,0,2,0,1,0,1,0,0,0,502,2,0.4,0.85,-0.6,11.2217361111111,4.75,93,5,98,5.07,91,75,16.37,2,"NO","P"
"226","2026","vs_LHB","L",703721,"Ivan Izaguirre","SLW","R","Diestro","SP","Abridor",24,"Mexico","Guasave",22,NA,59,52,19,15,2,0,2,7,6,0,6,0,0,2,15,34,11.3333333333333,3.82,11.91,2.206,6.73,123,0.365,0.431,0.519,0.95,0.427,3.6,11.9,10.2,1.7,5.56,4.76,1.59,15.09,14,10,2,53.8,38.5,7.7,1.4,201,39.8,18.8,81.2,7.5,25.4,17.9,57.7,13,0,2,0,1,0,1,0,0,0,502,2,0.4,0.85,-0.6,11.2217361111111,4.75,93,5,98,5.07,91,75,16.37,2,"NO","P"
"227","2026","vs_RHB","R",703721,"Ivan Izaguirre","SLW","R","Diestro","SP","Abridor",24,"Mexico","Guasave",23,NA,80,71,21,18,2,1,0,13,4,0,4,2,1,6,7,58,19.3333333333333,3.82,3.26,1.293,3.67,67,0.296,0.346,0.352,0.698,0.324,-3.1,16.2,5,11.2,6.05,1.86,0,9.78,21,10,3,61.8,29.4,8.8,2.1,302,46,20.1,79.9,9.3,28.1,18.9,64.9,13,0,2,0,1,0,1,0,0,0,502,2,0.4,0.85,-0.6,11.2217361111111,4.75,93,5,98,5.07,91,75,16.37,2,"NO","P"
"228","2026","Overall","All",674073,"Jack Weisenburger","VER","R","Diestro","SP","Abridor",28,"USA","Rockford",1,2,25,25,1,1,0,0,0,10,0,0,0,0,0,0,0,24,8,5.79,0,0.125,1.58,29,0.04,0.04,0.04,0.08,0.037,-8,40,0,40,11.25,0,0,1.12,4,9,1,28.6,64.3,7.1,0.44,104,46.2,16.7,83.3,7.7,29.8,22.1,68.3,6,1,1,0,0,0,0,0,0,0,147,0,0.3,2.13,5,9.78475,3.47,68,3.7,73,5.93,106,114,15.75,6,"NO","P"
"229","2026","vs_LHB","L",674073,"Jack Weisenburger","VER","R","Diestro","SP","Abridor",28,"USA","Rockford",1,NA,14,14,0,0,0,0,0,8,0,0,0,0,0,0,0,14,4.66666666666667,5.79,0,0,0.65,12,0,0,0,0,0,-5,57.1,0,57.1,15.43,0,0,0,2,4,0,33.3,66.7,0,0.5,65,49.2,18.8,81.2,9.2,32.3,23.1,72.3,6,1,1,0,0,0,0,0,0,0,147,0,0.3,2.13,5,9.78475,3.47,68,3.7,73,5.93,106,114,15.75,6,"NO","P"
"230","2026","vs_RHB","R",674073,"Jack Weisenburger","VER","R","Diestro","SP","Abridor",28,"USA","Rockford",1,NA,11,11,1,1,0,0,0,2,0,0,0,0,0,0,0,10,3.33333333333333,5.79,0,0.3,2.88,53,0.091,0.091,0.091,0.182,0.085,-3,18.2,0,18.2,5.4,0,0,2.7,2,5,1,25,62.5,12.5,0.4,39,41,12.5,87.5,5.1,25.6,20.5,61.5,6,1,1,0,0,0,0,0,0,0,147,0,0.3,2.13,5,9.78475,3.47,68,3.7,73,5.93,106,114,15.75,6,"NO","P"
"231","2026","Overall","All",680725,"Jackson Goddard","MVA","R","Diestro","SP","Abridor",29,"USA","Tulsa",17,17,361,310,79,60,10,0,9,75,42,0,42,7,2,9,41,248,82.6666666666667,4.2,4.46,1.464,5.46,100,0.255,0.355,0.374,0.729,0.342,-7.8,20.8,11.6,9.2,8.17,4.57,0.98,8.6,65,87,8,40.6,54.4,5,0.75,1441,46.5,25.1,74.9,11.7,27.8,16.1,62.6,39,4,2,0,0,0,0,0,0,0,1441,6,1.3,0.21,6.5,11.2287058823529,5.39,106,5.74,113,4.65,83,83,17.22,1.79,"NO","P"
"232","2026","vs_LHB","L",680725,"Jackson Goddard","MVA","R","Diestro","SP","Abridor",29,"USA","Tulsa",17,NA,163,133,36,25,6,0,5,32,28,0,28,0,2,3,22,105,35,4.2,5.66,1.829,6.51,119,0.271,0.393,0.429,0.822,0.379,2.4,19.6,17.2,2.4,8.23,7.2,1.29,9.26,28,38,3,40.6,55.1,4.3,0.74,693,44.7,25.2,74.8,11.3,25.5,14.3,59,39,4,2,0,0,0,0,0,0,0,1441,6,1.3,0.21,6.5,11.2287058823529,5.39,106,5.74,113,4.65,83,83,17.22,1.79,"NO","P"
"233","2026","vs_RHB","R",680725,"Jackson Goddard","MVA","R","Diestro","SP","Abridor",29,"USA","Tulsa",17,NA,198,177,43,35,4,0,4,43,14,0,14,7,0,6,19,143,47.6666666666667,4.2,3.59,1.196,4.69,86,0.243,0.323,0.333,0.656,0.311,-10.3,21.7,7.1,14.6,8.12,2.64,0.76,8.12,37,49,5,40.7,53.8,5.5,0.76,748,48.1,25,75,12,29.8,17.8,65.9,39,4,2,0,0,0,0,0,0,0,1441,6,1.3,0.21,6.5,11.2287058823529,5.39,106,5.74,113,4.65,83,83,17.22,1.79,"NO","P"
"234","2026","Overall","All",676194,"Jackson Tetreault","CAM","R","Diestro","SP","Abridor",30,"USA","Ruskin",5,3,42,38,13,9,3,0,1,8,3,0,3,0,1,1,7,27,9,8.68,7,1.778,4.75,87,0.342,0.381,0.5,0.881,0.386,0.9,19,7.1,11.9,8,3,1,13,9,8,1,50,44.4,5.6,1.12,187,51.3,31.2,68.8,16,28.3,12.3,63.6,9,0,1,0,0,0,0,0,0,0,187,2,0.2,0.92,-2.4,11.1209333333333,4.68,92,4.73,93,8.9,159,171,20.04,2.67,"NO","P"
"235","2026","vs_LHB","L",676194,"Jackson Tetreault","CAM","R","Diestro","SP","Abridor",30,"USA","Ruskin",5,NA,22,20,8,6,1,0,1,4,2,0,2,0,0,0,2,12,4,8.68,4.5,2.5,6.83,125,0.4,0.455,0.6,1.055,0.464,2.2,18.2,9.1,9.1,9,4.5,2.25,18,5,3,1,55.6,33.3,11.1,1.67,94,46.8,34.1,65.9,16,29.8,13.8,60.6,9,0,1,0,0,0,0,0,0,0,187,2,0.2,0.92,-2.4,11.1209333333333,4.68,92,4.73,93,8.9,159,171,20.04,2.67,"NO","P"
"236","2026","vs_RHB","R",676194,"Jackson Tetreault","CAM","R","Diestro","SP","Abridor",30,"USA","Ruskin",5,NA,20,18,5,3,2,0,0,4,1,0,1,0,1,1,5,15,5,8.68,9,1.2,3.08,56,0.278,0.3,0.389,0.689,0.3,-1.3,20,5,15,7.2,1.8,0,9,4,5,0,44.4,55.6,0,0.8,93,55.9,28.8,71.2,16.1,26.9,10.8,66.7,9,0,1,0,0,0,0,0,0,0,187,2,0.2,0.92,-2.4,11.1209333333333,4.68,92,4.73,93,8.9,159,171,20.04,2.67,"NO","P"
"237","2026","Overall","All",642545,"Jaime Barria","LAG","R","Diestro","SP","Abridor",29,"Panama","Panama City",16,16,299,278,97,60,29,0,8,38,15,1,14,3,1,10,43,193,64.3333333333333,6.23,6.02,1.725,5.31,97,0.349,0.387,0.54,0.927,0.404,11.7,12.7,4.7,8,5.32,1.96,1.12,13.57,69,67,11,46.9,45.6,7.5,1.03,1087,50.3,17.9,82.1,9,24.3,15.3,65.6,45,3,6,0,0,0,0,0,0,0,1087,1,1.1,0.36,-11.5,11.15625,5.24,103,5.31,104,6.65,119,122,16.72,2.53,"NO","P"
"238","2026","vs_LHB","L",642545,"Jaime Barria","LAG","R","Diestro","SP","Abridor",29,"Panama","Panama City",16,NA,135,126,43,25,16,0,2,21,5,1,4,1,1,5,18,90,30,6.23,5.4,1.567,4.05,74,0.341,0.368,0.516,0.884,0.384,2.6,15.6,3,12.6,6.3,1.2,0.6,12.9,31,26,5,50,41.9,8.1,1.19,499,48.3,19.5,80.5,9.4,26.1,16.6,64.9,45,3,6,0,0,0,0,0,0,0,1087,1,1.1,0.36,-11.5,11.15625,5.24,103,5.31,104,6.65,119,122,16.72,2.53,"NO","P"
"239","2026","vs_RHB","R",642545,"Jaime Barria","LAG","R","Diestro","SP","Abridor",29,"Panama","Panama City",16,NA,164,152,54,35,13,0,6,17,10,0,10,2,0,5,25,103,34.3333333333333,6.23,6.55,1.864,6.41,117,0.355,0.402,0.559,0.961,0.42,9,10.4,6.1,4.3,4.46,2.62,1.57,14.16,38,41,6,44.7,48.2,7.1,0.93,588,52,16.7,83.3,8.7,22.8,14.1,66.2,45,3,6,0,0,0,0,0,0,0,1087,1,1.1,0.36,-11.5,11.15625,5.24,103,5.31,104,6.65,119,122,16.72,2.53,"NO","P"
"240","2026","Overall","All",701151,"Jake McSteen","MVA","L","Zurdo","SP","Abridor",30,"USA","Great Falls",17,17,367,342,97,68,16,4,9,71,18,0,18,1,3,5,44,256,85.3333333333333,4.94,4.64,1.348,4.46,81,0.284,0.319,0.433,0.752,0.329,-12.6,19.3,4.9,14.4,7.49,1.9,0.95,10.23,72,97,12,39.8,53.6,6.6,0.74,1368,49.5,19.1,80.9,9.4,27.3,17.8,67.3,47,7,7,0,0,0,0,0,0,0,1368,2,2.2,1.2,5.7,10.3976470588235,4.4,86,4.93,97,5.07,91,97,15.97,3.94,"NO","P"
"241","2026","vs_LHB","L",701151,"Jake McSteen","MVA","L","Zurdo","SP","Abridor",30,"USA","Great Falls",16,NA,95,92,25,17,3,3,2,16,2,0,2,0,0,3,13,70,23.3333333333333,4.94,5.01,1.157,4.08,74,0.272,0.287,0.435,0.722,0.307,-5.3,16.8,2.1,14.7,6.17,0.77,0.77,9.64,25,23,4,48.1,44.2,7.7,1.09,347,46.1,19.4,80.6,8.9,29.1,20.2,66.3,47,7,7,0,0,0,0,0,0,0,1368,2,2.2,1.2,5.7,10.3976470588235,4.4,86,4.93,97,5.07,91,97,15.97,3.94,"NO","P"
"242","2026","vs_RHB","R",701151,"Jake McSteen","MVA","L","Zurdo","SP","Abridor",30,"USA","Great Falls",17,NA,272,250,72,51,13,1,7,55,16,0,16,1,3,2,31,186,62,4.94,4.5,1.419,4.6,84,0.288,0.33,0.432,0.762,0.337,-7.2,20.2,5.9,14.3,7.98,2.32,1.02,10.45,47,74,8,36.4,57.4,6.2,0.64,1021,50.6,19,81,9.6,26.6,17,67.7,47,7,7,0,0,0,0,0,0,0,1368,2,2.2,1.2,5.7,10.3976470588235,4.4,86,4.93,97,5.07,91,97,15.97,3.94,"NO","P"
"243","2026","Overall","All",685387,"Jalen Miller","TIG","R","Diestro","SP","Abridor",33,"Italy","Vicenza",2,2,29,21,9,2,4,1,2,5,5,0,5,1,1,0,6,13,4.33333333333333,15.43,12.46,3.231,11.93,218,0.429,0.536,1,1.536,0.59,6.4,17.2,17.2,0,10.38,10.38,4.15,18.69,2,6,1,22.2,66.7,11.1,0.33,119,41.2,26.5,73.5,10.9,29.4,18.5,59.7,8,0,1,0,0,0,0,0,0,0,119,1,-0.2,-6.52,-4.9,13.682,12.12,238,8.32,163,17.14,306,303,25.5,1,"NO","P"
"244","2026","vs_LHB","L",685387,"Jalen Miller","TIG","R","Diestro","SP","Abridor",33,"Italy","Vicenza",2,NA,17,12,7,1,3,1,2,2,4,0,4,1,0,0,4,5,1.66666666666667,15.43,21.6,6.6,26.28,480,0.583,0.706,1.5,2.206,0.8,7.3,11.8,23.5,-11.7,10.8,21.6,10.8,37.8,0,4,1,0,80,20,0,69,37.7,23.1,76.9,8.7,27.5,18.8,56.5,8,0,1,0,0,0,0,0,0,0,119,1,-0.2,-6.52,-4.9,13.682,12.12,238,8.32,163,17.14,306,303,25.5,1,"NO","P"
"245","2026","vs_RHB","R",685387,"Jalen Miller","TIG","R","Diestro","SP","Abridor",33,"Italy","Vicenza",2,NA,12,9,2,1,1,0,0,3,1,0,1,0,1,0,2,8,2.66666666666667,15.43,6.75,1.125,2.96,54,0.222,0.273,0.333,0.606,0.266,-1.2,25,8.3,16.7,10.12,3.38,0,6.75,2,2,0,50,50,0,1,50,46,30.4,69.6,14,32,18,64,8,0,1,0,0,0,0,0,0,0,119,1,-0.2,-6.52,-4.9,13.682,12.12,238,8.32,163,17.14,306,303,25.5,1,"NO","P"
"246","2026","Overall","All",621076,"James Kaprielian","OAX","R","Diestro","SP","Abridor",32,"USA","Laguna Hills",17,14,301,265,69,55,9,2,3,72,26,0,26,7,2,3,32,203,67.6666666666667,5.29,4.26,1.404,3.99,73,0.26,0.34,0.343,0.683,0.322,-12.4,23.9,8.6,15.3,9.58,3.46,0.4,9.18,53,61,9,43.1,49.6,7.3,0.87,1210,45.3,22.4,77.6,10.2,27.5,17.4,62.6,40,7,3,0,0,0,0,0,0,0,1210,0,2,1.67,5.4,10.2866666666667,3.93,77,4.84,95,5.43,97,104,17.79,2.77,"NO","P"
"247","2026","vs_LHB","L",621076,"James Kaprielian","OAX","R","Diestro","SP","Abridor",32,"USA","Laguna Hills",17,NA,158,140,34,27,2,2,3,34,14,0,14,3,1,0,19,106,35.3333333333333,5.29,4.84,1.358,4.7,86,0.243,0.323,0.35,0.673,0.312,-8.1,21.5,8.9,12.6,8.66,3.57,0.76,8.66,30,37,6,41.1,50.7,8.2,0.81,649,43.9,22.5,77.5,9.9,27.3,17.4,61.3,40,7,3,0,0,0,0,0,0,0,1210,0,2,1.67,5.4,10.2866666666667,3.93,77,4.84,95,5.43,97,104,17.79,2.77,"NO","P"
"248","2026","vs_RHB","R",621076,"James Kaprielian","OAX","R","Diestro","SP","Abridor",32,"USA","Laguna Hills",17,NA,143,125,35,28,7,0,0,38,12,0,12,4,1,3,13,97,32.3333333333333,5.29,3.62,1.454,3.21,59,0.28,0.359,0.336,0.695,0.332,-4.5,26.6,8.4,18.2,10.58,3.34,0,9.74,23,24,3,46,48,6,0.96,561,46.9,22.4,77.6,10.5,27.8,17.3,64.2,40,7,3,0,0,0,0,0,0,0,1210,0,2,1.67,5.4,10.2866666666667,3.93,77,4.84,95,5.43,97,104,17.79,2.77,"NO","P"
"249","2026","vs_RHB","R",641754,"Jeff Kinley","SLW","L","Zurdo",NA,NA,NA,NA,NA,3,NA,16,12,4,1,2,0,1,0,3,0,3,1,0,1,3,9,3,7.36,9,2.333,12.41,226,0.333,0.5,0.75,1.25,0.524,2.5,0,18.8,-18.8,0,9,3,12,7,2,0,77.8,22.2,0,3.5,61,44.3,18.5,81.5,8.2,21.3,13.1,57.4,3,0,1,0,0,0,0,0,0,0,67,0,-0.2,-6.23,-2,12.5075555555556,11.83,232,9.34,183,8.44,151,145,18.27,0,"NO","P"
"250","2026","Overall","All",689167,"Jeff Lindgren","LEO","R","Diestro","SP","Abridor",29,"USA","Champaign",18,18,385,334,103,60,27,0,16,69,39,0,39,1,2,8,51,251,83.6666666666667,5.81,5.49,1.697,6.35,116,0.308,0.38,0.533,0.913,0.398,12.8,17.9,10.1,7.8,7.42,4.2,1.72,11.08,73,77,27,41.2,43.5,15.3,0.95,1460,43.6,17.8,82.2,7.7,26.4,18.7,62.3,54,6,5,0,0,0,0,0,0,0,1460,8,0.6,-0.7,-4.9,11.9392592592593,6.3,124,5.34,105,6.06,108,114,17.45,1.77,"NO","P"
"251","2026","vs_LHB","L",689167,"Jeff Lindgren","LEO","R","Diestro","SP","Abridor",29,"USA","Champaign",18,NA,177,149,54,28,15,0,11,27,24,0,24,0,1,5,31,106,35.3333333333333,5.81,7.9,2.208,8.64,158,0.362,0.448,0.685,1.133,0.48,20.1,15.3,13.6,1.7,6.88,6.11,2.8,13.75,32,34,13,40.5,43,16.5,0.94,710,36.9,11.8,88.2,4.4,24.6,20.3,57.2,54,6,5,0,0,0,0,0,0,0,1460,8,0.6,-0.7,-4.9,11.9392592592593,6.3,124,5.34,105,6.06,108,114,17.45,1.77,"NO","P"
"252","2026","vs_RHB","R",689167,"Jeff Lindgren","LEO","R","Diestro","SP","Abridor",29,"USA","Champaign",18,NA,208,185,49,32,12,0,5,42,15,0,15,1,1,3,20,145,48.3333333333333,5.81,3.72,1.324,4.68,85,0.265,0.322,0.411,0.733,0.328,-7.3,20.2,7.2,13,7.82,2.79,0.93,9.12,41,43,14,41.8,43.9,14.3,0.95,750,49.9,21.9,78.1,10.9,28.1,17.2,67.1,54,6,5,0,0,0,0,0,0,0,1460,8,0.6,-0.7,-4.9,11.9392592592593,6.3,124,5.34,105,6.06,108,114,17.45,1.77,"NO","P"
"253","2026","Overall","All",672851,"Joan Adon","DUR","R","Diestro","SP","Abridor",27,"Dominican Republic","Santo Domingo",18,18,377,343,91,65,18,1,7,86,27,0,27,5,2,8,41,258,86,3.75,4.29,1.372,4.25,78,0.265,0.326,0.385,0.711,0.323,-15.2,22.8,7.2,15.6,9,2.83,0.73,9.52,88,61,16,53.3,37,9.7,1.44,1510,46.8,23.9,76.1,11.2,28.1,16.9,63.7,36,7,1,0,0,0,0,0,0,0,1510,6,2.5,1.41,8.8,10.2759166666667,4.19,82,4.33,85,4.81,86,74,17.49,3.19,"NO","P"
"254","2026","vs_LHB","L",672851,"Joan Adon","DUR","R","Diestro","SP","Abridor",27,"Dominican Republic","Santo Domingo",18,NA,164,148,34,23,8,0,3,40,14,0,14,1,1,2,15,114,38,3.75,3.55,1.263,4.19,76,0.23,0.299,0.345,0.644,0.295,-11.1,24.4,8.5,15.9,9.47,3.32,0.71,8.05,43,24,6,58.9,32.9,8.2,1.79,652,44.9,23.2,76.8,10.4,27.8,17.3,62.3,36,7,1,0,0,0,0,0,0,0,1510,6,2.5,1.41,8.8,10.2759166666667,4.19,82,4.33,85,4.81,86,74,17.49,3.19,"NO","P"
"255","2026","vs_RHB","R",672851,"Joan Adon","DUR","R","Diestro","SP","Abridor",27,"Dominican Republic","Santo Domingo",18,NA,213,195,57,42,10,1,4,46,13,0,13,4,1,6,26,144,48,3.75,4.88,1.458,4.31,79,0.292,0.347,0.415,0.762,0.345,-4,21.6,6.1,15.5,8.62,2.44,0.75,10.69,45,37,10,48.9,40.2,10.9,1.22,858,48.3,24.4,75.6,11.8,28.3,16.6,64.8,36,7,1,0,0,0,0,0,0,0,1510,6,2.5,1.41,8.8,10.2759166666667,4.19,82,4.33,85,4.81,86,74,17.49,3.19,"NO","P"
"256","2026","Overall","All",682489,"Joe Record","CAM","R","Diestro","SP","Abridor",31,"USA","Anaheim",24,13,301,279,83,54,20,1,8,74,15,0,15,3,1,8,41,202,67.3333333333333,5.05,5.48,1.455,4.23,77,0.297,0.339,0.462,0.801,0.352,-3.5,24.6,5,19.6,9.89,2,1.07,11.09,78,44,5,61.4,34.6,3.9,1.77,1115,46.5,23.9,76.1,11.1,30.5,19.4,65.9,38,2,3,0,0,4,0,0,0,0,1115,8,1.6,1.43,0.7,10.7326666666667,4.17,82,3.72,73,5.49,98,99,16.48,4.93,"NO","P"
"257","2026","vs_LHB","L",682489,"Joe Record","CAM","R","Diestro","SP","Abridor",31,"USA","Anaheim",23,NA,146,133,44,29,12,0,3,34,9,0,9,2,1,1,23,88,29.3333333333333,5.05,7.06,1.807,4.22,77,0.331,0.379,0.489,0.868,0.385,3,23.3,6.2,17.1,10.43,2.76,0.92,13.5,29,25,3,50.9,43.9,5.3,1.16,547,47.2,26,74,12.2,29.3,17,64.2,38,2,3,0,0,4,0,0,0,0,1115,8,1.6,1.43,0.7,10.7326666666667,4.17,82,3.72,73,5.49,98,99,16.48,4.93,"NO","P"
"258","2026","vs_RHB","R",682489,"Joe Record","CAM","R","Diestro","SP","Abridor",31,"USA","Anaheim",24,NA,155,146,39,25,8,1,5,40,6,0,6,1,0,7,18,114,38,5.05,4.26,1.184,4.24,77,0.267,0.301,0.438,0.739,0.321,-6.5,25.8,3.9,21.9,9.47,1.42,1.18,9.24,49,19,2,70,27.1,2.9,2.58,568,46,21.8,78.2,10,31.7,21.7,67.6,38,2,3,0,0,4,0,0,0,0,1115,8,1.6,1.43,0.7,10.7326666666667,4.17,82,3.72,73,5.49,98,99,16.48,4.93,"NO","P"
"259","2026","Overall","All",663537,"Jon Olsen","CAM","R","Diestro","SP","Abridor",29,"USA","Lorna Linda",4,3,49,40,10,7,1,0,2,13,8,0,8,1,0,1,8,32,10.6666666666667,7.59,6.75,1.688,6.61,121,0.25,0.388,0.425,0.813,0.378,0.7,26.5,16.3,10.2,10.97,6.75,1.69,8.44,3,16,0,15.8,84.2,0,0.19,188,43.1,27.2,72.8,11.7,30.3,18.6,61.7,9,1,1,0,0,0,0,0,0,0,188,1,0,-1.07,-1.7,11.85475,6.67,131,6.75,133,7.94,142,149,17.63,1.63,"NO","P"
"260","2026","vs_LHB","L",663537,"Jon Olsen","CAM","R","Diestro","SP","Abridor",29,"USA","Lorna Linda",4,NA,28,22,5,4,0,0,1,9,5,0,5,1,0,0,4,18,6,7.59,6,1.667,6.25,114,0.227,0.393,0.364,0.757,0.369,0.1,32.1,17.9,14.2,13.5,7.5,1.5,7.5,1,8,0,11.1,88.9,0,0.12,109,43.1,29.8,70.2,12.8,30.3,17.4,60.6,9,1,1,0,0,0,0,0,0,0,188,1,0,-1.07,-1.7,11.85475,6.67,131,6.75,133,7.94,142,149,17.63,1.63,"NO","P"
"261","2026","vs_RHB","R",663537,"Jon Olsen","CAM","R","Diestro","SP","Abridor",29,"USA","Lorna Linda",4,NA,21,18,5,3,1,0,1,4,3,0,3,0,0,1,4,14,4.66666666666667,7.59,7.71,1.714,7.08,129,0.278,0.381,0.5,0.881,0.391,0.6,19,14.3,4.7,7.71,5.79,1.93,9.64,2,8,0,20,80,0,0.25,79,43,23.5,76.5,10.1,30.4,20.3,63.3,9,1,1,0,0,0,0,0,0,0,188,1,0,-1.07,-1.7,11.85475,6.67,131,6.75,133,7.94,142,149,17.63,1.63,"NO","P"
"262","2026","Overall","All",665167,"Jonah Dipoto","YUC","R","Diestro","SP","Abridor",29,"USA","Queens",31,5,218,177,56,37,9,1,9,34,35,0,35,3,2,6,39,136,45.3333333333333,6.7,7.74,2.007,7.68,140,0.316,0.433,0.531,0.964,0.43,14.1,15.6,16.1,-0.5,6.75,6.95,1.79,11.12,50,42,4,52.1,43.8,4.2,1.19,822,42.7,19.9,80.1,8.5,25.1,16.5,59.2,34,0,0,0,1,2,1,0,0,0,822,7,-0.6,-2.03,-10.8,11.893311827957,7.63,150,6.6,130,7.77,139,132,18,0.97,"NO","P"
"263","2026","vs_LHB","L",665167,"Jonah Dipoto","YUC","R","Diestro","SP","Abridor",29,"USA","Queens",29,NA,93,74,23,14,2,0,7,13,15,0,15,2,2,3,19,60,20,6.7,8.55,1.9,9.88,180,0.311,0.43,0.622,1.052,0.45,7.8,14,16.1,-2.1,5.85,6.75,3.15,10.35,19,24,2,42.2,53.3,4.4,0.79,354,47.7,15.4,84.6,7.3,20.6,13.3,61,34,0,0,0,1,2,1,0,0,0,822,7,-0.6,-2.03,-10.8,11.893311827957,7.63,150,6.6,130,7.77,139,132,18,0.97,"NO","P"
"264","2026","vs_RHB","R",665167,"Jonah Dipoto","YUC","R","Diestro","SP","Abridor",29,"USA","Queens",30,NA,125,103,33,23,7,1,2,21,20,0,20,1,0,3,20,76,25.3333333333333,6.7,7.11,2.092,5.94,108,0.32,0.435,0.466,0.901,0.415,6.3,16.8,16,0.8,7.46,7.11,0.71,11.72,31,18,2,60.8,35.3,3.9,1.72,468,38.9,24.2,75.8,9.4,28.4,19,57.9,34,0,0,0,1,2,1,0,0,0,822,7,-0.6,-2.03,-10.8,11.893311827957,7.63,150,6.6,130,7.77,139,132,18,0.97,"NO","P"
"265","2026","Overall","All",642834,"Jonathan Bermúdez","VER","L","Zurdo","SP","Abridor",30,"Puerto Rico","Coamo",18,19,383,338,100,59,28,2,11,69,31,0,31,7,4,10,50,257,85.6666666666667,5.52,5.25,1.529,5.47,100,0.296,0.363,0.488,0.851,0.374,3.8,18,8.1,9.9,7.25,3.26,1.16,10.51,71,94,11,40.3,53.4,6.2,0.76,1523,46.7,18.8,81.2,8.8,25.9,17.1,63.8,56,6,5,0,0,0,0,0,0,2,1626,6,1.3,0.14,-5.9,11.2881228070175,5.46,107,5.48,108,6.03,108,108,17.8,2.18,"NO","P"
"266","2026","vs_LHB","L",642834,"Jonathan Bermúdez","VER","L","Zurdo","SP","Abridor",30,"Puerto Rico","Coamo",16,NA,105,91,37,24,12,0,1,14,11,0,11,2,1,3,18,60,20,5.52,8.1,2.4,5.28,96,0.407,0.476,0.571,1.047,0.466,10.5,13.3,10.5,2.8,6.3,4.95,0.45,16.65,22,15,4,53.7,36.6,9.8,1.47,427,44,20.2,79.8,8.9,26.7,17.8,61.8,56,6,5,0,0,0,0,0,0,2,1626,6,1.3,0.14,-5.9,11.2881228070175,5.46,107,5.48,108,6.03,108,108,17.8,2.18,"NO","P"
"267","2026","vs_RHB","R",642834,"Jonathan Bermúdez","VER","L","Zurdo","SP","Abridor",30,"Puerto Rico","Coamo",18,NA,278,247,63,35,16,2,10,55,20,0,20,5,3,7,32,197,65.6666666666667,5.52,4.39,1.264,5.53,101,0.255,0.32,0.457,0.777,0.338,-7.1,19.8,7.2,12.6,7.54,2.74,1.37,8.63,49,79,7,36.3,58.5,5.2,0.62,1096,47.7,18.4,81.6,8.8,25.6,16.9,64.6,56,6,5,0,0,0,0,0,0,2,1626,6,1.3,0.14,-5.9,11.2881228070175,5.46,107,5.48,108,6.03,108,108,17.8,2.18,"NO","P"
"268","2026","Overall","All",805248,"Jonathan Haab","LAR","R","Diestro","SP","Abridor",26,"USA","Norcross",47,1,263,218,61,41,14,2,4,59,37,0,37,4,1,3,40,163,54.3333333333333,5.3,6.63,1.804,5.13,94,0.28,0.392,0.417,0.809,0.375,2.8,22.4,14.1,8.3,9.77,6.13,0.66,10.1,48,41,11,48,41,11,1.17,1023,43.1,27.9,72.1,12,28.6,16.6,59.7,32,5,3,0,3,7,3,0,0,1,1023,12,0.5,0.53,-2.9,11.2983226950355,5.07,100,5.38,106,5.99,107,104,18.83,1.59,"NO","P"
"269","2026","vs_LHB","L",805248,"Jonathan Haab","LAR","R","Diestro","SP","Abridor",26,"USA","Norcross",39,NA,84,67,21,15,5,0,1,17,14,0,14,2,0,1,12,47,15.6666666666667,5.3,6.89,2.234,5.8,106,0.313,0.446,0.433,0.879,0.415,4.2,20.2,16.7,3.5,9.77,8.04,0.57,12.06,15,10,4,51.7,34.5,13.8,1.5,324,39.2,23.6,76.4,9.3,28.1,18.8,58,32,5,3,0,3,7,3,0,0,1,1023,12,0.5,0.53,-2.9,11.2983226950355,5.07,100,5.38,106,5.99,107,104,18.83,1.59,"NO","P"
"270","2026","vs_RHB","R",805248,"Jonathan Haab","LAR","R","Diestro","SP","Abridor",26,"USA","Norcross",47,NA,179,151,40,26,9,2,3,42,23,0,23,2,1,2,28,116,38.6666666666667,5.3,6.52,1.629,4.86,89,0.265,0.367,0.411,0.778,0.356,-1.4,23.5,12.8,10.7,9.78,5.35,0.7,9.31,33,31,7,46.5,43.7,9.9,1.06,699,44.9,29.6,70.4,13.3,28.9,15.6,60.5,32,5,3,0,3,7,3,0,0,1,1023,12,0.5,0.53,-2.9,11.2983226950355,5.07,100,5.38,106,5.99,107,104,18.83,1.59,"NO","P"
"271","2026","Overall","All",803167,"Jonathan Lopez","MVA","R","Diestro","SP","Abridor",24,"Mexico","Puerto Penasco",18,2,95,82,24,15,5,0,4,16,10,0,10,0,2,2,17,62,20.6666666666667,6.1,7.4,1.645,6.5,119,0.293,0.362,0.5,0.862,0.375,1,16.8,10.5,6.3,6.97,4.35,1.74,10.45,11,30,3,25,68.2,6.8,0.37,359,47.4,24.7,75.3,11.7,28.1,16.4,63.8,14,0,0,1,1,0,0,0,0,0,359,0,-0.1,-0.9,-1.9,11.5683333333333,6.5,128,6.41,126,6.68,119,120,17.37,1.6,"NO","P"
"272","2026","vs_LHB","L",803167,"Jonathan Lopez","MVA","R","Diestro","SP","Abridor",24,"Mexico","Puerto Penasco",18,NA,42,38,8,6,2,0,0,5,3,0,3,0,1,2,3,33,11,6.1,2.45,1,3.99,73,0.211,0.262,0.263,0.525,0.246,-4.9,11.9,7.1,4.8,4.09,2.45,0,6.55,9,15,0,37.5,62.5,0,0.6,152,50,26.3,73.7,13.2,26.3,13.2,63.2,14,0,0,1,1,0,0,0,0,0,359,0,-0.1,-0.9,-1.9,11.5683333333333,6.5,128,6.41,126,6.68,119,120,17.37,1.6,"NO","P"
"273","2026","vs_RHB","R",803167,"Jonathan Lopez","MVA","R","Diestro","SP","Abridor",24,"Mexico","Puerto Penasco",17,NA,53,44,16,9,3,0,4,11,7,0,7,0,1,0,14,29,9.66666666666667,6.1,13.03,2.379,9.36,171,0.364,0.442,0.705,1.147,0.479,6,20.8,13.2,7.6,10.24,6.52,3.72,14.9,2,15,3,10,75,15,0.13,207,45.4,23.4,76.6,10.6,29.5,18.8,64.3,14,0,0,1,1,0,0,0,0,0,359,0,-0.1,-0.9,-1.9,11.5683333333333,6.5,128,6.41,126,6.68,119,120,17.37,1.6,"NO","P"
"274","2026","Overall","All",674476,"Jonathan Partida","TIG","L","Zurdo","SP","Abridor",28,"Mexico","Tijuana",30,1,122,110,29,18,8,0,3,25,9,0,9,1,1,5,19,91,30.3333333333333,2.93,5.64,1.253,4.71,86,0.264,0.322,0.418,0.74,0.33,-4.1,20.5,7.4,13.1,7.42,2.67,0.89,8.6,32,24,2,55.2,41.4,3.4,1.33,473,46.5,26.4,73.6,12.3,32.8,20.5,67,10,1,1,0,1,4,1,0,0,0,473,3,0.4,0.95,3.3,11.2406111111111,4.65,91,4.69,92,3.58,64,58,15.42,2.78,"NO","P"
"275","2026","vs_LHB","L",674476,"Jonathan Partida","TIG","L","Zurdo","SP","Abridor",28,"Mexico","Tijuana",30,NA,70,62,13,8,3,0,2,19,6,0,6,1,0,5,11,56,18.6666666666667,2.93,5.3,1.018,4.56,83,0.21,0.29,0.355,0.645,0.294,-4.8,27.1,8.6,18.5,9.16,2.89,0.96,6.27,23,8,0,74.2,25.8,0,2.88,275,43.3,31.9,68.1,13.8,36.4,22.5,65.8,10,1,1,0,1,4,1,0,0,0,473,3,0.4,0.95,3.3,11.2406111111111,4.65,91,4.69,92,3.58,64,58,15.42,2.78,"NO","P"
"276","2026","vs_RHB","R",674476,"Jonathan Partida","TIG","L","Zurdo","SP","Abridor",28,"Mexico","Tijuana",23,NA,52,48,16,10,5,0,1,6,3,0,3,0,1,0,8,35,11.6666666666667,2.93,6.17,1.629,4.94,90,0.333,0.365,0.5,0.865,0.376,0.6,11.5,5.8,5.7,4.63,2.31,0.77,12.34,9,16,2,33.3,59.3,7.4,0.56,198,51,19.8,80.2,10.1,27.8,17.7,68.7,10,1,1,0,1,4,1,0,0,0,473,3,0.4,0.95,3.3,11.2406111111111,4.65,91,4.69,92,3.58,64,58,15.42,2.78,"NO","P"
"277","2026","Overall","All",683517,"Jorge Garcia","DUR","R","Diestro","SP","Abridor",24,"Panama","San Miguelito",35,7,193,169,43,26,9,2,6,37,17,2,15,5,1,5,28,134,44.6666666666667,3.83,5.64,1.299,5.51,101,0.254,0.339,0.438,0.777,0.346,-3.4,19.2,7.8,11.4,7.46,3.02,1.21,8.66,38,44,12,40.4,46.8,12.8,0.86,739,44,20.3,79.7,8.9,27.9,18.9,62.9,19,4,4,1,1,8,0,0,0,0,742,1,0.3,0.13,9.1,11.3726380952381,5.47,107,5.37,106,3.87,69,75,16.61,2.18,"NO","P"
"278","2026","vs_LHB","L",683517,"Jorge Garcia","DUR","R","Diestro","SP","Abridor",24,"Panama","San Miguelito",22,NA,71,59,21,11,4,1,5,12,9,1,8,1,1,1,14,43,14.3333333333333,3.83,8.79,2.023,8.82,161,0.356,0.443,0.712,1.155,0.48,8.1,16.9,11.3,5.6,7.53,5.02,3.14,13.19,8,19,4,25.8,61.3,12.9,0.42,269,43.1,18.1,81.9,7.8,23.8,16,59.1,19,4,4,1,1,8,0,0,0,0,742,1,0.3,0.13,9.1,11.3726380952381,5.47,107,5.37,106,3.87,69,75,16.61,2.18,"NO","P"
"279","2026","vs_RHB","R",683517,"Jorge Garcia","DUR","R","Diestro","SP","Abridor",24,"Panama","San Miguelito",34,NA,122,110,22,15,5,1,1,25,8,1,7,4,0,4,14,91,30.3333333333333,3.83,4.15,0.956,3.95,72,0.2,0.279,0.291,0.57,0.269,-11.4,20.5,5.7,14.8,7.42,2.08,0.3,6.53,30,25,8,47.6,39.7,12.7,1.2,470,44.5,21.5,78.5,9.6,30.2,20.6,65.1,19,4,4,1,1,8,0,0,0,0,742,1,0.3,0.13,9.1,11.3726380952381,5.47,107,5.37,106,3.87,69,75,16.61,2.18,"NO","P"
"280","2026","Overall","All",681659,"Jorge Rodriguez","MVA","L","Zurdo","SP","Abridor",25,"Mexico","Ciudad Juarez",19,1,129,112,38,27,9,0,2,23,11,0,11,4,2,2,31,78,26,7.52,10.73,1.885,5.04,92,0.339,0.411,0.473,0.884,0.4,4.6,17.8,8.5,9.3,7.96,3.81,0.69,13.15,27,21,5,50.9,39.6,9.4,1.29,520,45.6,22.4,77.6,10.2,24.6,14.4,60,22,1,0,0,1,0,1,0,0,0,520,4,0.3,0.62,-12.6,11.2580526315789,4.98,98,5.33,105,7.93,142,148,19.75,2.09,"NO","P"
"281","2026","vs_LHB","L",681659,"Jorge Rodriguez","MVA","L","Zurdo","SP","Abridor",25,"Mexico","Ciudad Juarez",18,NA,47,42,17,13,4,0,0,8,5,0,5,0,0,0,13,25,8.33333333333333,7.52,14.04,2.64,3.96,72,0.405,0.468,0.5,0.968,0.443,3.6,17,10.6,6.4,8.64,5.4,0,18.36,8,7,2,47.1,41.2,11.8,1.14,183,42.6,19.2,80.8,8.2,24,15.8,58.5,22,1,0,0,1,0,1,0,0,0,520,4,0.3,0.62,-12.6,11.2580526315789,4.98,98,5.33,105,7.93,142,148,19.75,2.09,"NO","P"
"282","2026","vs_RHB","R",681659,"Jorge Rodriguez","MVA","L","Zurdo","SP","Abridor",25,"Mexico","Ciudad Juarez",19,NA,82,70,21,14,5,0,2,15,6,0,6,4,2,2,18,53,17.6666666666667,7.52,9.17,1.528,5.55,101,0.3,0.378,0.457,0.835,0.376,1,18.3,7.3,11,7.64,3.06,1.02,10.7,19,14,3,52.8,38.9,8.3,1.36,337,47.2,23.9,76.1,11.3,24.9,13.6,60.8,22,1,0,0,1,0,1,0,0,0,520,4,0.3,0.62,-12.6,11.2580526315789,4.98,98,5.33,105,7.93,142,148,19.75,2.09,"NO","P"
"283","2026","Overall","All",703006,"Jorge Sauceda","DUR","R","Diestro","SP","Abridor",24,"Mexico","Ciudad Obregon",29,8,226,195,55,37,13,1,4,66,17,0,17,8,2,5,23,151,50.3333333333333,5.33,4.11,1.43,3.98,73,0.282,0.36,0.421,0.781,0.355,-2,29.2,7.5,21.7,11.8,3.04,0.72,9.83,38,30,9,49.4,39,11.7,1.27,897,45.3,29.6,70.4,13.4,31.1,17.7,63,30,1,2,0,0,4,0,0,0,0,894,8,1.2,1.68,2.5,10.9153103448276,3.92,77,3.89,76,6.1,109,105,17.64,3.88,"NO","P"
"284","2026","vs_LHB","L",703006,"Jorge Sauceda","DUR","R","Diestro","SP","Abridor",24,"Mexico","Ciudad Obregon",28,NA,103,89,29,17,8,1,3,26,8,0,8,1,2,0,19,65,21.6666666666667,5.33,7.89,1.708,4.73,86,0.326,0.38,0.539,0.919,0.395,3.1,25.2,7.8,17.4,10.8,3.32,1.25,12.05,13,20,4,35.1,54.1,10.8,0.65,396,47,24.2,75.8,11.4,28,16.7,63.6,30,1,2,0,0,4,0,0,0,0,894,8,1.2,1.68,2.5,10.9153103448276,3.92,77,3.89,76,6.1,109,105,17.64,3.88,"NO","P"
"285","2026","vs_RHB","R",703006,"Jorge Sauceda","DUR","R","Diestro","SP","Abridor",24,"Mexico","Ciudad Obregon",28,NA,123,106,26,20,5,0,1,40,9,0,9,7,0,5,4,86,28.6666666666667,5.33,1.26,1.221,3.42,62,0.245,0.344,0.321,0.665,0.323,-4.9,32.5,7.3,25.2,12.56,2.83,0.31,8.16,25,10,5,62.5,25,12.5,2.5,501,43.9,34.1,65.9,15,33.5,18.6,62.5,30,1,2,0,0,4,0,0,0,0,894,8,1.2,1.68,2.5,10.9153103448276,3.92,77,3.89,76,6.1,109,105,17.64,3.88,"NO","P"
"286","2026","Overall","All",664590,"Jorge Tavarez","MVA","R","Diestro","SP","Abridor",30,"Dominican Republic","Loma de Cabrera",16,13,316,292,83,59,15,2,7,55,12,0,12,7,4,8,45,218,72.6666666666667,5.94,5.57,1.307,4.6,84,0.284,0.324,0.421,0.745,0.33,-10.5,17.4,3.8,13.6,6.81,1.49,0.87,10.28,85,63,6,55.2,40.9,3.9,1.35,1112,48.1,23,77,11.1,29.1,18.1,66.2,48,3,8,0,0,0,0,0,0,1,1114,6,1.6,1.05,-4,10.6103125,4.55,89,4.75,93,6.48,116,117,15.33,4.58,"NO","P"
"287","2026","vs_LHB","L",664590,"Jorge Tavarez","MVA","R","Diestro","SP","Abridor",30,"Dominican Republic","Loma de Cabrera",16,NA,144,135,38,26,6,1,5,26,4,0,4,2,2,3,27,101,33.6666666666667,5.94,7.22,1.248,5,91,0.281,0.308,0.452,0.76,0.328,-5.1,18.1,2.8,15.3,6.95,1.07,1.34,10.16,41,31,1,56.2,42.5,1.4,1.32,517,49.7,22.2,77.8,11,26.9,15.9,65.6,48,3,8,0,0,0,0,0,0,1,1114,6,1.6,1.05,-4,10.6103125,4.55,89,4.75,93,6.48,116,117,15.33,4.58,"NO","P"
"288","2026","vs_RHB","R",664590,"Jorge Tavarez","MVA","R","Diestro","SP","Abridor",30,"Dominican Republic","Loma de Cabrera",16,NA,172,157,45,33,9,1,2,29,8,0,8,5,2,5,18,117,39,5.94,4.15,1.359,4.26,78,0.287,0.337,0.395,0.732,0.332,-5.4,16.9,4.7,12.2,6.69,1.85,0.46,10.38,44,32,5,54.3,39.5,6.2,1.38,595,46.7,23.7,76.3,11.1,31.1,20,66.7,48,3,8,0,0,0,0,0,0,1,1114,6,1.6,1.05,-4,10.6103125,4.55,89,4.75,93,6.48,116,117,15.33,4.58,"NO","P"
"289","2026","Overall","All",642375,"Jose Carlos Medina","AGS","L","Zurdo","SP","Abridor",29,"Mexico","Culiacan",4,1,25,21,7,4,2,0,1,4,2,0,2,2,0,0,10,13,4.33333333333333,8.31,20.77,2.077,8,146,0.333,0.44,0.571,1.011,0.449,2.1,16,8,8,8.31,4.15,2.08,14.54,5,4,1,50,40,10,1.25,92,41.3,26.3,73.7,10.9,32.6,21.7,63,4,0,1,0,0,0,0,0,0,0,92,1,-0.1,-2.57,-6.9,11.8390416666667,8.17,161,6.63,130,19.76,353,163,21.23,2,"NO","P"
"290","2026","vs_LHB","L",642375,"Jose Carlos Medina","AGS","L","Zurdo","SP","Abridor",29,"Mexico","Culiacan",3,NA,10,9,2,1,0,0,1,3,0,0,0,1,0,0,3,6,2,8.31,13.5,1,9.08,166,0.222,0.3,0.556,0.856,0.362,0,30,0,30,13.5,0,4.5,9,1,2,1,25,50,25,0.5,35,45.7,31.2,68.8,14.3,42.9,28.6,74.3,4,0,1,0,0,0,0,0,0,0,92,1,-0.1,-2.57,-6.9,11.8390416666667,8.17,161,6.63,130,19.76,353,163,21.23,2,"NO","P"
"291","2026","vs_RHB","R",642375,"Jose Carlos Medina","AGS","L","Zurdo","SP","Abridor",29,"Mexico","Culiacan",4,NA,15,12,5,3,2,0,0,1,2,0,2,1,0,0,7,7,2.33333333333333,8.31,27,3,7.08,129,0.417,0.533,0.583,1.116,0.507,2.1,6.7,13.3,-6.6,3.86,7.71,0,19.29,4,2,0,66.7,33.3,0,2,57,38.6,22.7,77.3,8.8,26.3,17.5,56.1,4,0,1,0,0,0,0,0,0,0,92,1,-0.1,-2.57,-6.9,11.8390416666667,8.17,161,6.63,130,19.76,353,163,21.23,2,"NO","P"
"292","2026","Overall","All",675195,"Juan Mercedes","AGS","R","Diestro","SP","Abridor",26,"Dominican Republic","Villa Tapia",12,1,75,65,20,13,5,0,2,16,8,0,8,1,0,3,9,50,16.6666666666667,5.4,4.86,1.68,5.34,97,0.308,0.392,0.477,0.869,0.391,2,21.3,10.7,10.6,8.64,4.32,1.08,10.8,10,20,1,32.3,64.5,3.2,0.5,290,52.4,22.4,77.6,11.7,23.4,11.7,64.1,10,2,1,0,1,2,1,0,0,0,290,0,0.1,0.28,0.7,11.337,5.32,105,5.78,114,6.11,109,106,17.4,2,"NO","P"
"293","2026","vs_LHB","L",675195,"Juan Mercedes","AGS","R","Diestro","SP","Abridor",26,"Dominican Republic","Villa Tapia",10,NA,27,24,9,5,2,0,2,6,3,0,3,0,0,2,6,17,5.66666666666667,5.4,9.53,2.118,8.14,149,0.375,0.444,0.708,1.152,0.487,3.3,22.2,11.1,11.1,9.53,4.76,3.18,14.29,3,8,0,27.3,72.7,0,0.38,116,49.1,17.5,82.5,8.6,22.4,13.8,62.9,10,2,1,0,1,2,1,0,0,0,290,0,0.1,0.28,0.7,11.337,5.32,105,5.78,114,6.11,109,106,17.4,2,"NO","P"
"294","2026","vs_RHB","R",675195,"Juan Mercedes","AGS","R","Diestro","SP","Abridor",26,"Dominican Republic","Villa Tapia",12,NA,48,41,11,8,3,0,0,10,5,0,5,1,0,1,3,33,11,5.4,2.45,1.455,3.9,71,0.268,0.362,0.341,0.703,0.336,-1.3,20.8,10.4,10.4,8.18,4.09,0,9,7,12,1,35,60,5,0.58,174,54.6,25.3,74.7,13.8,24.1,10.3,64.9,10,2,1,0,1,2,1,0,0,0,290,0,0.1,0.28,0.7,11.337,5.32,105,5.78,114,6.11,109,106,17.4,2,"NO","P"
"295","2026","Overall","All",678789,"Julio Robaina","TIG","L","Zurdo","SP","Abridor",25,"Cuba","San Antonio de los Banos",4,4,71,65,12,9,2,1,0,15,5,0,5,0,1,2,4,54,18,1.47,2,0.944,3.25,59,0.185,0.239,0.246,0.485,0.226,-9.6,21.1,7,14.1,7.5,2.5,0,6,18,17,0,51.4,48.6,0,1.06,278,48.9,22.8,77.2,11.2,27.7,16.5,65.5,3,2,0,0,0,0,0,0,0,0,278,0,0.7,2.41,6.8,9.58245833333333,3.19,63,4.77,94,1.99,36,29,15.16,3,"NO","P"
"296","2026","vs_LHB","L",678789,"Julio Robaina","TIG","L","Zurdo","SP","Abridor",25,"Cuba","San Antonio de los Banos",4,NA,21,20,4,3,0,1,0,8,1,0,1,0,0,0,1,13,4.33333333333333,1.47,2.08,1.154,1.08,20,0.2,0.238,0.3,0.538,0.235,-2.7,38.1,4.8,33.3,16.62,2.08,0,8.31,4,1,0,80,20,0,4,87,52.9,23.9,76.1,12.6,29.9,17.2,70.1,3,2,0,0,0,0,0,0,0,0,278,0,0.7,2.41,6.8,9.58245833333333,3.19,63,4.77,94,1.99,36,29,15.16,3,"NO","P"
"297","2026","vs_RHB","R",678789,"Julio Robaina","TIG","L","Zurdo","SP","Abridor",25,"Cuba","San Antonio de los Banos",4,NA,50,45,8,6,2,0,0,7,4,0,4,0,1,2,3,41,13.6666666666667,1.47,1.98,0.878,3.93,72,0.178,0.24,0.222,0.462,0.223,-6.9,14,8,6,4.61,2.63,0,5.27,14,16,0,46.7,53.3,0,0.88,191,47.1,22.2,77.8,10.5,26.7,16.2,63.4,3,2,0,0,0,0,0,0,0,0,278,0,0.7,2.41,6.8,9.58245833333333,3.19,63,4.77,94,1.99,36,29,15.16,3,"NO","P"
"298","2026","Overall","All",448855,"Junior Guerra","QRO","R","Diestro","SP","Abridor",41,"VEN","San Felix",17,18,371,318,95,62,18,1,14,62,51,0,51,0,1,10,72,237,79,7.97,8.2,1.848,6.75,123,0.299,0.395,0.494,0.889,0.397,12,16.7,13.7,3,7.06,5.81,1.59,10.82,84,77,13,48.3,44.3,7.5,1.09,1332,46.2,22.2,77.8,10.3,24.9,14.6,60.9,75,7,7,0,0,0,0,0,0,1,1414,8,0.4,-0.93,-29.5,12.1250555555556,6.53,128,5.9,116,8.44,151,157,16.7,1.23,"NO","P"
"299","2026","vs_LHB","L",448855,"Junior Guerra","QRO","R","Diestro","SP","Abridor",41,"VEN","San Felix",17,NA,202,170,47,29,10,0,8,31,32,0,32,0,0,5,43,130,43.3333333333333,7.97,8.93,1.823,7.26,132,0.276,0.391,0.476,0.867,0.391,5.4,15.3,15.8,-0.5,6.44,6.65,1.66,9.76,47,48,4,47.5,48.5,4,0.98,785,43.3,20.9,79.1,9,24.8,15.8,59.1,75,7,7,0,0,0,0,0,0,1,1414,8,0.4,-0.93,-29.5,12.1250555555556,6.53,128,5.9,116,8.44,151,157,16.7,1.23,"NO","P"
"300","2026","vs_RHB","R",448855,"Junior Guerra","QRO","R","Diestro","SP","Abridor",41,"VEN","San Felix",17,NA,169,148,48,33,8,1,6,31,19,0,19,0,1,5,29,107,35.6666666666667,7.97,7.32,1.879,6.13,112,0.324,0.399,0.514,0.913,0.403,6.5,18.3,11.2,7.1,7.82,4.79,1.51,12.11,37,29,9,49.3,38.7,12,1.28,547,50.5,23.9,76.1,12.1,25,13,63.4,75,7,7,0,0,0,0,0,0,1,1414,8,0.4,-0.93,-29.5,12.1250555555556,6.53,128,5.9,116,8.44,151,157,16.7,1.23,"NO","P"
"301","2026","Overall","All",688896,"Justin Courtney","MEX","R","Diestro","SP","Abridor",29,"USA","Bangor",17,17,357,318,88,54,17,4,13,64,27,0,27,7,2,6,49,241,80.3333333333333,5.22,5.49,1.432,5.86,107,0.277,0.345,0.478,0.823,0.36,-1.4,17.9,7.6,10.3,7.17,3.02,1.46,9.86,68,93,15,38.6,52.8,8.5,0.73,1354,46.5,22.2,77.8,10.3,28.1,17.8,64.3,47,6,4,0,0,0,0,0,0,0,1354,3,0.9,-0.19,-3.6,11.5508823529412,5.79,114,5.63,111,5.67,101,103,16.72,2.37,"NO","P"
"302","2026","vs_LHB","L",688896,"Justin Courtney","MEX","R","Diestro","SP","Abridor",29,"USA","Bangor",17,NA,162,143,41,24,6,3,8,23,14,0,14,4,0,2,26,107,35.6666666666667,5.22,6.56,1.542,7.22,132,0.287,0.366,0.538,0.904,0.39,4.1,14.2,8.6,5.6,5.8,3.53,2.02,10.35,33,47,7,37.9,54,8,0.7,623,46.5,17.9,82.1,8.3,24.9,16.5,63.1,47,6,4,0,0,0,0,0,0,0,1354,3,0.9,-0.19,-3.6,11.5508823529412,5.79,114,5.63,111,5.67,101,103,16.72,2.37,"NO","P"
"303","2026","vs_RHB","R",688896,"Justin Courtney","MEX","R","Diestro","SP","Abridor",29,"USA","Bangor",17,NA,195,175,47,30,11,1,5,41,13,0,13,3,2,4,23,134,44.6666666666667,5.22,4.63,1.343,4.77,87,0.269,0.326,0.429,0.755,0.334,-5.7,21,6.7,14.3,8.26,2.62,1.01,9.47,35,46,8,39.3,51.7,9,0.76,731,46.5,25.9,74.1,12,30.9,18.9,65.4,47,6,4,0,0,0,0,0,0,0,1354,3,0.9,-0.19,-3.6,11.5508823529412,5.79,114,5.63,111,5.67,101,103,16.72,2.37,"NO","P"
"304","2026","Overall","All",571776,"Kurt Heyer","JAL","R","Diestro","SP","Abridor",35,"USA","Huntington Beach",15,15,336,314,96,64,23,4,5,48,19,1,18,0,2,17,35,237,79,3.84,3.99,1.443,4.37,80,0.306,0.343,0.452,0.795,0.349,-4.9,14.3,5.4,8.9,5.47,2.05,0.57,10.94,102,58,11,59.6,33.9,6.4,1.76,1328,45.9,13.6,86.4,6.2,24.8,18.6,64.5,34,5,4,0,0,0,0,0,0,0,1328,4,2.2,1.29,8.3,10.2648,4.31,85,4.72,93,4.77,85,75,16.67,2.53,"NO","P"
"305","2026","vs_LHB","L",571776,"Kurt Heyer","JAL","R","Diestro","SP","Abridor",35,"USA","Huntington Beach",15,NA,151,138,45,30,10,1,4,24,11,1,10,0,2,5,18,97,32.3333333333333,3.84,5.01,1.701,5.13,94,0.326,0.371,0.5,0.871,0.38,2.4,15.9,6.6,9.3,6.68,2.78,1.11,12.53,34,31,5,48.6,44.3,7.1,1.1,614,47.4,13.1,86.9,6.2,23.1,16.9,64.3,34,5,4,0,0,0,0,0,0,0,1328,4,2.2,1.29,8.3,10.2648,4.31,85,4.72,93,4.77,85,75,16.67,2.53,"NO","P"
"306","2026","vs_RHB","R",571776,"Kurt Heyer","JAL","R","Diestro","SP","Abridor",35,"USA","Huntington Beach",15,NA,185,176,51,34,13,3,1,24,8,0,8,0,0,12,17,140,46.6666666666667,3.84,3.28,1.264,3.84,70,0.29,0.321,0.415,0.736,0.324,-7.3,13,4.3,8.7,4.63,1.54,0.19,9.84,68,27,6,67.3,26.7,5.9,2.52,714,44.7,14.1,85.9,6.3,26.3,20,64.7,34,5,4,0,0,0,0,0,0,0,1328,4,2.2,1.29,8.3,10.2648,4.31,85,4.72,93,4.77,85,75,16.67,2.53,"NO","P"
"307","2026","vs_RHB","R",608335,"Kyle Funkhouser","OAX","R","Diestro",NA,NA,NA,NA,NA,1,NA,8,5,2,1,0,0,1,0,2,0,2,0,0,0,3,4,1.33333333333333,16.88,20.25,3,18.33,334,0.4,0.571,1,1.571,0.622,2,0,25,-25,0,13.5,6.75,13.5,2,2,0,50,50,0,1,23,39.1,11.1,88.9,4.3,21.7,17.4,56.5,5,0,0,0,0,0,0,0,0,0,60,0,-0.2,-11.6,-3.7,15.6533333333333,17.2,338,8.43,166,20.45,365,332,22.5,1,"NO","P"
"308","2026","Overall","All",690769,"Landen Bourassa","CHI","R","Diestro","SP","Abridor",29,"Canada","Lethbridge",10,6,129,119,44,36,4,0,4,27,6,0,6,2,1,4,23,79,26.3333333333333,7.86,7.86,1.899,4.92,90,0.37,0.406,0.504,0.91,0.407,5.4,20.9,4.7,16.2,9.23,2.05,1.37,15.04,34,11,4,69.4,22.4,8.2,3.09,466,48.5,25.7,74.3,12.4,32.4,20,68.5,23,1,2,0,0,1,0,0,0,0,466,4,0.4,0.74,-10.2,11.0781,4.86,95,3.58,70,9.66,172,154,17.7,4.5,"NO","P"
"309","2026","vs_LHB","L",690769,"Landen Bourassa","CHI","R","Diestro","SP","Abridor",29,"Canada","Lethbridge",10,NA,62,56,23,18,3,0,2,10,3,0,3,1,1,2,13,35,11.6666666666667,7.86,10.03,2.229,5.62,103,0.411,0.443,0.571,1.014,0.447,5,16.1,4.8,11.3,7.71,2.31,1.54,17.74,14,5,4,60.9,21.7,17.4,2.8,229,47.6,22,78,10.5,28.4,17.9,65.5,23,1,2,0,0,1,0,0,0,0,466,4,0.4,0.74,-10.2,11.0781,4.86,95,3.58,70,9.66,172,154,17.7,4.5,"NO","P"
"310","2026","vs_RHB","R",690769,"Landen Bourassa","CHI","R","Diestro","SP","Abridor",29,"Canada","Lethbridge",10,NA,67,63,21,18,1,0,2,17,3,0,3,1,0,2,10,44,14.6666666666667,7.86,6.14,1.636,4.35,79,0.333,0.373,0.444,0.817,0.371,0.5,25.4,4.5,20.9,10.43,1.84,1.23,12.89,20,6,0,76.9,23.1,0,3.33,237,49.4,29.1,70.9,14.3,36.3,21.9,71.3,23,1,2,0,0,1,0,0,0,0,466,4,0.4,0.74,-10.2,11.0781,4.86,95,3.58,70,9.66,172,154,17.7,4.5,"NO","P"
"311","2026","Overall","All",801461,"Leam Mendez","LAR","R","Diestro","SP","Abridor",26,"CUB","Ciego de Avila",7,5,89,80,22,11,7,0,4,26,6,0,6,3,0,1,9,60,20,3.98,4.05,1.4,5.43,99,0.275,0.348,0.512,0.86,0.375,1,29.2,6.7,22.5,11.7,2.7,1.8,9.9,11,20,4,31.4,57.1,11.4,0.55,339,45.7,32.9,67.1,15,33.9,18.9,64.6,9,2,1,0,0,0,0,0,0,1,339,1,0.3,0.24,1.7,11.2851428571429,5.36,105,4.36,86,4.48,80,78,16.67,4.33,"NO","P"
"312","2026","vs_LHB","L",801461,"Leam Mendez","LAR","R","Diestro","SP","Abridor",26,"CUB","Ciego de Avila",7,NA,29,25,7,3,2,0,2,10,4,0,4,0,0,0,4,19,6.33333333333333,3.98,5.68,1.737,6.92,126,0.28,0.379,0.6,0.979,0.416,1.5,34.5,13.8,20.7,14.21,5.68,2.84,9.95,2,6,2,20,60,20,0.33,123,39,29.2,70.8,11.4,34.1,22.8,61.8,9,2,1,0,0,0,0,0,0,1,339,1,0.3,0.24,1.7,11.2851428571429,5.36,105,4.36,86,4.48,80,78,16.67,4.33,"NO","P"
"313","2026","vs_RHB","R",801461,"Leam Mendez","LAR","R","Diestro","SP","Abridor",26,"CUB","Ciego de Avila",6,NA,60,55,15,8,5,0,2,16,2,0,2,3,0,1,5,41,13.6666666666667,3.98,3.29,1.244,4.74,86,0.273,0.333,0.473,0.806,0.355,-0.5,26.7,3.3,23.4,10.54,1.32,1.32,9.88,9,14,2,36,56,8,0.64,216,49.5,34.6,65.4,17.1,33.8,16.7,66.2,9,2,1,0,0,0,0,0,0,1,339,1,0.3,0.24,1.7,11.2851428571429,5.36,105,4.36,86,4.48,80,78,16.67,4.33,"NO","P"
"314","2026","Overall","All",840569,"Leonel Becerra","VER","R","Diestro","SP","Abridor",29,"Mexico","Mexico City",12,2,86,66,17,9,3,1,4,17,18,0,18,1,0,1,13,53,17.6666666666667,7,6.62,1.981,8.33,152,0.258,0.424,0.515,0.939,0.42,4.7,19.8,20.9,-1.1,8.66,9.17,2.04,8.66,11,23,2,30.6,63.9,5.6,0.48,386,38.9,25.3,74.7,9.8,26.2,16.3,55.2,14,2,0,0,0,0,0,0,0,0,386,3,-0.3,-2.59,-3.3,12.0475,8.19,161,7.44,146,7,125,138,21.44,0.94,"NO","P"
"315","2026","vs_LHB","L",840569,"Leonel Becerra","VER","R","Diestro","SP","Abridor",29,"Mexico","Mexico City",11,NA,48,35,10,5,3,1,1,10,13,0,13,0,0,0,6,27,9,7,6,2.556,7.64,139,0.286,0.479,0.514,0.993,0.451,4.1,20.8,27.1,-6.3,10,13,1,10,4,11,1,25,68.8,6.2,0.36,233,39.5,22.8,77.2,9,24.5,15.5,54.9,14,2,0,0,0,0,0,0,0,0,386,3,-0.3,-2.59,-3.3,12.0475,8.19,161,7.44,146,7,125,138,21.44,0.94,"NO","P"
"316","2026","vs_RHB","R",840569,"Leonel Becerra","VER","R","Diestro","SP","Abridor",29,"Mexico","Mexico City",12,NA,38,31,7,4,0,0,3,7,5,0,5,1,0,1,7,26,8.66666666666667,7,7.27,1.385,9.04,165,0.226,0.351,0.516,0.867,0.38,0.6,18.4,13.2,5.2,7.27,5.19,3.12,7.27,7,12,1,35,60,5,0.58,153,37.9,29.3,70.7,11.1,28.8,17.6,55.6,14,2,0,0,0,0,0,0,0,0,386,3,-0.3,-2.59,-3.3,12.0475,8.19,161,7.44,146,7,125,138,21.44,0.94,"NO","P"
"317","2026","Overall","All",602345,"Linder Castro","OAX","R","Diestro","SP","Abridor",35,"Mexico","Meredia",18,1,108,97,24,12,4,1,7,22,11,0,11,0,0,2,17,74,24.6666666666667,5.76,6.2,1.419,7.32,134,0.247,0.324,0.526,0.85,0.361,-0.3,20.4,10.2,10.2,8.03,4.01,2.55,8.76,16,35,4,29.1,63.6,7.3,0.46,427,45.9,29.1,70.9,13.3,27.6,14.3,60.2,16,0,2,0,1,0,1,0,0,0,427,2,-0.3,-1.62,-2,11.7552631578947,7.22,142,5.93,117,6.12,109,113,17.08,2,"NO","P"
"318","2026","vs_LHB","L",602345,"Linder Castro","OAX","R","Diestro","SP","Abridor",35,"Mexico","Meredia",15,NA,52,45,15,8,2,1,4,7,7,0,7,0,0,0,8,29,9.66666666666667,5.76,7.45,2.276,10.18,186,0.333,0.423,0.689,1.112,0.464,5.1,13.5,13.5,0,6.52,6.52,3.72,13.97,6,17,2,24,68,8,0.35,208,42.3,19.3,80.7,8.2,23.6,15.4,57.7,16,0,2,0,1,0,1,0,0,0,427,2,-0.3,-1.62,-2,11.7552631578947,7.22,142,5.93,117,6.12,109,113,17.08,2,"NO","P"
"319","2026","vs_RHB","R",602345,"Linder Castro","OAX","R","Diestro","SP","Abridor",35,"Mexico","Meredia",18,NA,56,52,9,4,2,0,3,15,4,0,4,0,0,2,9,45,15,5.76,5.4,0.867,5.48,100,0.173,0.232,0.385,0.617,0.265,-5.4,26.8,7.1,19.7,9,2.4,1.8,5.4,10,18,2,33.3,60,6.7,0.56,219,49.3,37,63,18.3,31.5,13.2,62.6,16,0,2,0,1,0,1,0,0,0,427,2,-0.3,-1.62,-2,11.7552631578947,7.22,142,5.93,117,6.12,109,113,17.08,2,"NO","P"
"320","2026","Overall","All",678296,"Luis Angel Rodriguez","MEX","L","Zurdo","SP","Abridor",26,"Mexico","Tierra Blanca",6,5,53,46,13,11,2,0,0,14,6,0,6,1,0,2,3,36,12,3.86,2.25,1.583,3.5,64,0.283,0.377,0.326,0.703,0.343,-1.1,26.4,11.3,15.1,10.5,4.5,0,9.75,9,9,1,47.4,47.4,5.3,1,235,45.1,22.6,77.4,10.2,27.7,17.4,62.6,6,0,1,0,0,1,0,0,0,0,276,1,0.5,2.65,2.5,10.5166666666667,2.95,58,4.03,79,3.86,69,76,19.71,3,"NO","P"
"321","2026","vs_LHB","L",678296,"Luis Angel Rodriguez","MEX","L","Zurdo","SP","Abridor",26,"Mexico","Tierra Blanca",6,NA,21,19,3,3,0,0,0,5,1,0,1,1,0,1,1,18,6,3.86,1.5,0.667,3.41,62,0.158,0.238,0.158,0.396,0.21,-3.2,23.8,4.8,19,7.5,1.5,0,4.5,4,6,1,36.4,54.5,9.1,0.67,89,49.4,22.7,77.3,11.2,25.8,14.6,64,6,0,1,0,0,1,0,0,0,0,276,1,0.5,2.65,2.5,10.5166666666667,2.95,58,4.03,79,3.86,69,76,19.71,3,"NO","P"
"322","2026","vs_RHB","R",678296,"Luis Angel Rodriguez","MEX","L","Zurdo","SP","Abridor",26,"Mexico","Tierra Blanca",6,NA,32,27,10,8,2,0,0,9,5,0,5,0,0,1,2,18,6,3.86,3,2.5,3.58,65,0.37,0.469,0.444,0.913,0.43,2.1,28.1,15.6,12.5,13.5,7.5,0,15,5,3,0,62.5,37.5,0,1.67,146,42.5,22.6,77.4,9.6,28.8,19.2,61.6,6,0,1,0,0,1,0,0,0,0,276,1,0.5,2.65,2.5,10.5166666666667,2.95,58,4.03,79,3.86,69,76,19.71,3,"NO","P"
"323","2026","Overall","All",622379,"Luis F. Castillo","MEX","R","Diestro","SP","Abridor",31,"Dominican Republic","Fantino",5,5,94,90,28,21,5,0,2,17,4,0,4,0,0,4,11,65,21.6666666666667,4.15,4.57,1.477,4.26,78,0.311,0.34,0.433,0.773,0.345,-1.8,18.1,4.3,13.8,7.06,1.66,0.83,11.63,22,18,5,48.9,40,11.1,1.22,378,50,20.6,79.4,10.3,25.9,15.6,65.6,10,2,1,0,0,0,0,0,0,0,378,0,0.6,1.39,1.9,10.4177333333333,4.21,83,4.41,87,4.67,83,82,17.45,4.25,"NO","P"
"324","2026","vs_LHB","L",622379,"Luis F. Castillo","MEX","R","Diestro","SP","Abridor",31,"Dominican Republic","Fantino",5,NA,59,56,18,12,4,0,2,14,3,0,3,0,0,4,6,42,14,4.15,3.86,1.5,4.58,84,0.321,0.356,0.5,0.856,0.374,0.6,23.7,5.1,18.6,9,1.93,1.29,11.57,13,10,2,52,40,8,1.3,236,49.2,23.3,76.7,11.4,27.5,16.1,65.3,10,2,1,0,0,0,0,0,0,0,378,0,0.6,1.39,1.9,10.4177333333333,4.21,83,4.41,87,4.67,83,82,17.45,4.25,"NO","P"
"325","2026","vs_RHB","R",622379,"Luis F. Castillo","MEX","R","Diestro","SP","Abridor",31,"Dominican Republic","Fantino",5,NA,35,34,10,9,1,0,0,3,1,0,1,0,0,0,5,23,7.66666666666667,4.15,5.87,1.435,3.69,67,0.294,0.314,0.324,0.638,0.296,-2.3,8.6,2.9,5.7,3.52,1.17,0,11.74,9,8,3,45,40,15,1.12,142,51.4,16.4,83.6,8.5,23.2,14.8,66.2,10,2,1,0,0,0,0,0,0,0,378,0,0.6,1.39,1.9,10.4177333333333,4.21,83,4.41,87,4.67,83,82,17.45,4.25,"NO","P"
"326","2026","Overall","All",645179,"Luis Ivan Rodriguez","JAL","R","Diestro","SP","Abridor",29,"Mexico","Guadalajara",17,15,341,320,109,74,25,3,7,50,10,0,10,3,5,8,54,231,77,5.45,6.31,1.545,4.47,82,0.341,0.361,0.503,0.864,0.374,3.3,14.7,2.9,11.8,5.84,1.17,0.82,12.74,87,64,13,53,39,7.9,1.36,1290,48.3,17.5,82.5,8.4,25.3,16.8,65.1,47,3,5,0,0,0,0,0,0,3,1290,3,1.9,1.19,-10,10.4993333333333,4.41,87,4.62,91,6.76,121,107,16.61,5,"NO","P"
"327","2026","vs_LHB","L",645179,"Luis Ivan Rodriguez","JAL","R","Diestro","SP","Abridor",29,"Mexico","Guadalajara",17,NA,162,155,41,27,10,2,2,30,4,0,4,0,1,3,23,122,40.6666666666667,5.45,5.09,1.107,3.54,65,0.265,0.281,0.394,0.675,0.292,-11.4,18.5,2.5,16,6.64,0.89,0.44,9.07,47,30,7,56,35.7,8.3,1.57,650,50.6,20.1,79.9,10.2,25.8,15.7,66.3,47,3,5,0,0,0,0,0,0,3,1290,3,1.9,1.19,-10,10.4993333333333,4.41,87,4.62,91,6.76,121,107,16.61,5,"NO","P"
"328","2026","vs_RHB","R",645179,"Luis Ivan Rodriguez","JAL","R","Diestro","SP","Abridor",29,"Mexico","Guadalajara",17,NA,179,165,68,47,15,1,5,20,6,0,6,3,4,5,31,109,36.3333333333333,5.45,7.68,2.037,5.51,101,0.412,0.433,0.606,1.039,0.448,14.8,11.2,3.4,7.8,4.95,1.49,1.24,16.84,40,34,6,50,42.5,7.5,1.18,640,45.9,14.6,85.4,6.7,24.7,18,63.9,47,3,5,0,0,0,0,0,0,3,1290,3,1.9,1.19,-10,10.4993333333333,4.41,87,4.62,91,6.76,121,107,16.61,5,"NO","P"
"329","2026","Overall","All",642532,"Luis Miranda","OAX","R","Diestro","SP","Abridor",31,"Mexico","Hermosillo",17,17,331,311,95,66,16,2,11,64,17,0,17,0,1,7,44,226,75.3333333333333,5.02,5.26,1.487,4.96,91,0.305,0.34,0.476,0.816,0.356,-2.6,19.3,5.1,14.2,7.65,2.03,1.31,11.35,69,83,6,43.7,52.5,3.8,0.83,1220,51.1,20.2,79.8,10.3,27.1,16.8,68,45,8,5,0,0,0,0,0,0,1,1307,5,1.8,0.89,2.2,10.7390925925926,4.71,93,4.66,92,5.27,94,99,16.2,3.94,"NO","P"
"330","2026","vs_LHB","L",642532,"Luis Miranda","OAX","R","Diestro","SP","Abridor",31,"Mexico","Hermosillo",17,NA,176,162,55,34,11,2,8,33,11,0,11,0,1,4,30,115,38.3333333333333,5.02,7.04,1.722,5.93,108,0.34,0.379,0.58,0.959,0.409,7.8,18.8,6.2,12.6,7.75,2.58,1.88,12.91,29,49,2,36.2,61.3,2.5,0.59,682,51.8,18.4,81.6,9.5,25.4,15.8,67.6,45,8,5,0,0,0,0,0,0,1,1307,5,1.8,0.89,2.2,10.7390925925926,4.71,93,4.66,92,5.27,94,99,16.2,3.94,"NO","P"
"331","2026","vs_RHB","R",642532,"Luis Miranda","OAX","R","Diestro","SP","Abridor",31,"Mexico","Hermosillo",17,NA,155,149,40,32,5,0,3,31,6,0,6,0,0,3,14,111,37,5.02,3.41,1.243,3.94,72,0.268,0.297,0.362,0.659,0.297,-10.2,20,3.9,16.1,7.54,1.46,0.73,9.73,40,34,4,51.3,43.6,5.1,1.18,538,50.4,22.5,77.5,11.3,29.4,18,68.4,45,8,5,0,0,0,0,0,0,1,1307,5,1.8,0.89,2.2,10.7390925925926,4.71,93,4.66,92,5.27,94,99,16.2,3.94,"NO","P"
"332","2026","Overall","All",674478,"Luis Payan","SLW","R","Diestro","SP","Abridor",30,"Mexico","Guasave",17,16,300,271,79,56,10,2,11,58,22,0,22,4,0,3,44,199,66.3333333333333,5.4,5.97,1.523,5.66,103,0.292,0.354,0.465,0.819,0.363,-0.3,19.3,7.3,12,7.87,2.98,1.49,10.72,59,62,17,42.8,44.9,12.3,0.95,1151,45.2,25.4,74.6,11.5,28.6,17.1,62.3,40,1,3,0,0,0,0,0,0,0,1155,7,0.8,-0.01,-8.7,11.4064901960784,5.61,110,5.02,99,6.39,114,106,17.33,2.64,"NO","P"
"333","2026","vs_LHB","L",674478,"Luis Payan","SLW","R","Diestro","SP","Abridor",30,"Mexico","Guasave",17,NA,134,118,33,26,3,1,3,22,14,0,14,1,0,1,16,91,30.3333333333333,5.4,4.75,1.549,5.4,99,0.28,0.361,0.398,0.759,0.35,-1.8,16.4,10.4,6,6.53,4.15,0.89,9.79,28,29,9,42.4,43.9,13.6,0.97,551,42.5,25.2,74.8,10.7,27.6,16.9,59.3,40,1,3,0,0,0,0,0,0,0,1155,7,0.8,-0.01,-8.7,11.4064901960784,5.61,110,5.02,99,6.39,114,106,17.33,2.64,"NO","P"
"334","2026","vs_RHB","R",674478,"Luis Payan","SLW","R","Diestro","SP","Abridor",30,"Mexico","Guasave",17,NA,166,153,46,30,7,1,8,36,8,0,8,3,0,2,28,108,36,5.4,7,1.5,5.89,107,0.301,0.348,0.516,0.864,0.374,1.6,21.7,4.8,16.9,9,2,2,11.5,31,33,8,43.1,45.8,11.1,0.94,600,47.7,25.5,74.5,12.2,29.5,17.3,65,40,1,3,0,0,0,0,0,0,0,1155,7,0.8,-0.01,-8.7,11.4064901960784,5.61,110,5.02,99,6.39,114,106,17.33,2.64,"NO","P"
"335","2026","Overall","All",673603,"Luis Romero","QRO","R","Diestro","SP","Abridor",32,"Cuba","Guantanamo",18,18,408,367,118,80,21,4,13,76,28,0,28,6,5,10,62,264,88,6.72,6.34,1.659,5.43,99,0.322,0.374,0.507,0.881,0.385,8.4,18.6,6.9,11.7,7.77,2.86,1.33,12.07,99,68,13,55,37.8,7.2,1.46,1513,47,22.5,77.5,10.6,27.3,16.7,63.7,66,2,6,0,0,0,0,1,0,1,1513,10,1.4,0.23,-12.5,11.2123796296296,5.37,106,4.75,93,6.95,124,132,17.13,2.71,"NO","P"
"336","2026","vs_LHB","L",673603,"Luis Romero","QRO","R","Diestro","SP","Abridor",32,"Cuba","Guantanamo",18,NA,219,194,63,40,13,2,8,38,20,0,20,2,2,6,34,139,46.3333333333333,6.72,6.6,1.791,6.11,111,0.325,0.39,0.536,0.926,0.403,8.4,17.4,9.1,8.3,7.38,3.88,1.55,12.24,57,36,6,57.6,36.4,6.1,1.58,837,43.5,22.3,77.7,9.7,27.7,18,61.5,66,2,6,0,0,0,0,1,0,1,1513,10,1.4,0.23,-12.5,11.2123796296296,5.37,106,4.75,93,6.95,124,132,17.13,2.71,"NO","P"
"337","2026","vs_RHB","R",673603,"Luis Romero","QRO","R","Diestro","SP","Abridor",32,"Cuba","Guantanamo",18,NA,189,173,55,40,8,2,5,38,8,0,8,4,3,4,28,125,41.6666666666667,6.72,6.05,1.512,4.68,85,0.318,0.356,0.474,0.83,0.364,0,20.1,4.2,15.9,8.21,1.73,1.08,11.88,42,32,7,51.9,39.5,8.6,1.31,676,51.3,22.8,77.2,11.7,26.8,15.1,66.4,66,2,6,0,0,0,0,1,0,1,1513,10,1.4,0.23,-12.5,11.2123796296296,5.37,106,4.75,93,6.95,124,132,17.13,2.71,"NO","P"
"338","2026","Overall","All",681475,"Luke Albright","LAG","R","Diestro","SP","Abridor",26,"USA","Fishers",12,1,67,57,11,5,5,0,1,15,9,0,9,0,0,3,6,45,15,5.87,3.6,1.333,4.75,87,0.193,0.303,0.333,0.636,0.297,-4.4,22.4,13.4,9,9,5.4,0.6,6.6,23,5,1,79.3,17.2,3.4,4.6,281,35.9,23.8,76.2,8.5,29.2,20.6,56.6,10,0,1,1,1,1,0,0,0,0,281,4,0.2,0.92,0.6,11.2070555555556,4.68,92,4.38,86,5.96,106,115,18.33,1.67,"NO","P"
"339","2026","vs_LHB","L",681475,"Luke Albright","LAG","R","Diestro","SP","Abridor",26,"USA","Fishers",11,NA,32,26,4,3,0,0,1,9,5,0,5,0,0,3,2,24,8,5.87,2.25,1.125,5.33,97,0.154,0.29,0.269,0.559,0.276,-2.8,28.1,15.6,12.5,10.12,5.62,1.12,4.5,11,2,1,78.6,14.3,7.1,5.5,140,35,26.5,73.5,9.3,32.9,23.6,58.6,10,0,1,1,1,1,0,0,0,0,281,4,0.2,0.92,0.6,11.2070555555556,4.68,92,4.38,86,5.96,106,115,18.33,1.67,"NO","P"
"340","2026","vs_RHB","R",681475,"Luke Albright","LAG","R","Diestro","SP","Abridor",26,"USA","Fishers",12,NA,35,31,7,2,5,0,0,6,4,0,4,0,0,0,4,21,7,5.87,5.14,1.571,4.08,74,0.226,0.314,0.387,0.701,0.315,-1.7,17.1,11.4,5.7,7.71,5.14,0,9,12,3,0,80,20,0,4,141,36.9,21.2,78.8,7.8,25.5,17.7,54.6,10,0,1,1,1,1,0,0,0,0,281,4,0.2,0.92,0.6,11.2070555555556,4.68,92,4.38,86,5.96,106,115,18.33,1.67,"NO","P"
"341","2026","Overall","All",660826,"Lupe Chavez","LAG","R","Diestro","SP","Abridor",28,"Mexico","El Fuerte",38,5,225,197,59,41,12,0,6,42,15,0,15,6,2,6,41,151,50.3333333333333,5.79,7.33,1.47,5.21,95,0.299,0.364,0.452,0.816,0.366,0.4,18.7,6.7,12,7.51,2.68,1.07,10.55,43,51,4,43.9,52,4.1,0.84,834,48.9,22.1,77.9,10.8,26.3,15.5,64.4,33,2,4,0,1,3,1,0,0,0,836,4,0.5,0.46,-5.2,11.2969035087719,5.14,101,5.28,104,6.34,113,114,16.29,2.8,"NO","P"
"342","2026","vs_LHB","L",660826,"Lupe Chavez","LAG","R","Diestro","SP","Abridor",28,"Mexico","El Fuerte",34,NA,109,91,29,20,6,0,3,20,11,0,11,1,2,2,14,71,23.6666666666667,5.79,5.32,1.69,5.56,101,0.319,0.39,0.484,0.874,0.389,2.7,18.3,10.1,8.2,7.61,4.18,1.14,11.03,12,32,1,26.7,71.1,2.2,0.38,437,47.6,21.2,78.8,10.1,24.7,14.6,62.2,33,2,4,0,1,3,1,0,0,0,836,4,0.5,0.46,-5.2,11.2969035087719,5.14,101,5.28,104,6.34,113,114,16.29,2.8,"NO","P"
"343","2026","vs_RHB","R",660826,"Lupe Chavez","LAG","R","Diestro","SP","Abridor",28,"Mexico","El Fuerte",37,NA,116,106,30,21,6,0,3,22,4,0,4,5,0,4,27,80,26.6666666666667,5.79,9.11,1.275,4.9,89,0.283,0.339,0.425,0.764,0.345,-2.2,19,3.4,15.6,7.42,1.35,1.01,10.12,31,19,3,58.5,35.8,5.7,1.63,397,50.4,23,77,11.6,28,16.4,66.8,33,2,4,0,1,3,1,0,0,0,836,4,0.5,0.46,-5.2,11.2969035087719,5.14,101,5.28,104,6.34,113,114,16.29,2.8,"NO","P"
"344","2026","Overall","All",518435,"Manny Barreda","JAL","R","Diestro","SP","Abridor",37,"USA","Prescott",17,15,345,305,96,63,20,0,13,48,33,0,33,1,4,3,47,222,74,5.64,5.72,1.743,6.44,118,0.315,0.379,0.508,0.887,0.39,8.8,13.9,9.6,4.3,5.84,4.01,1.58,11.68,65,96,12,37.6,55.5,6.9,0.68,1243,48.4,17.6,82.4,8.5,24.3,15.8,64.1,47,1,6,0,0,0,0,0,0,0,1243,4,0.4,-0.75,-4.5,11.9514705882353,6.35,125,6.25,123,6,107,111,16.57,1.45,"NO","P"
"345","2026","vs_LHB","L",518435,"Manny Barreda","JAL","R","Diestro","SP","Abridor",37,"USA","Prescott",17,NA,139,114,37,20,9,0,8,15,22,0,22,0,2,0,22,83,27.6666666666667,5.64,7.16,2.133,9.14,167,0.325,0.428,0.614,1.042,0.446,11.2,10.8,15.8,-5,4.88,7.16,2.6,12.04,24,40,5,34.8,58,7.2,0.6,551,43.6,15.4,84.6,6.7,22.3,15.6,59.2,47,1,6,0,0,0,0,0,0,0,1243,4,0.4,-0.75,-4.5,11.9514705882353,6.35,125,6.25,123,6,107,111,16.57,1.45,"NO","P"
"346","2026","vs_RHB","R",518435,"Manny Barreda","JAL","R","Diestro","SP","Abridor",37,"USA","Prescott",17,NA,206,191,59,43,11,0,5,33,11,0,11,1,2,3,25,139,46.3333333333333,5.64,4.86,1.511,4.84,88,0.309,0.346,0.445,0.791,0.351,-2.6,16,5.3,10.7,6.41,2.14,0.97,11.46,41,56,7,39.4,53.8,6.7,0.73,692,52.2,19.1,80.9,10,25.9,15.9,68.1,47,1,6,0,0,0,0,0,0,0,1243,4,0.4,-0.75,-4.5,11.9514705882353,6.35,125,6.25,123,6,107,111,16.57,1.45,"NO","P"
"347","2026","Overall","All",676769,"Matt Givin","SLW","R","Diestro","SP","Abridor",27,"USA","Boston",14,10,232,213,58,39,12,0,7,51,14,0,14,4,0,4,29,162,54,4.83,4.83,1.333,4.88,89,0.272,0.329,0.427,0.756,0.338,-5.9,22,6,16,8.5,2.33,1.17,9.67,56,46,6,51.9,42.6,5.6,1.22,874,47.5,28.2,71.8,13.4,30.7,17.3,64.8,29,4,1,0,1,0,1,0,0,1,874,4,1,0.78,3.8,10.8985714285714,4.82,95,4.56,90,5,89,95,16.19,3.64,"NO","P"
"348","2026","vs_LHB","L",676769,"Matt Givin","SLW","R","Diestro","SP","Abridor",27,"USA","Boston",14,NA,114,104,30,19,9,0,2,25,9,0,9,0,0,1,9,79,26.3333333333333,4.83,3.08,1.481,4.19,76,0.288,0.345,0.433,0.778,0.348,-1.8,21.9,7.9,14,8.54,3.08,0.68,10.25,25,23,2,50,46,4,1.09,438,45.9,27.9,72.1,12.8,29.7,16.9,62.8,29,4,1,0,1,0,1,0,0,1,874,4,1,0.78,3.8,10.8985714285714,4.82,95,4.56,90,5,89,95,16.19,3.64,"NO","P"
"349","2026","vs_RHB","R",676769,"Matt Givin","SLW","R","Diestro","SP","Abridor",27,"USA","Boston",14,NA,118,109,28,20,3,0,5,26,5,0,5,4,0,3,20,83,27.6666666666667,4.83,6.51,1.193,5.53,101,0.257,0.314,0.422,0.736,0.329,-4.1,22,4.2,17.8,8.46,1.63,1.63,9.11,31,23,4,53.4,39.7,6.9,1.35,436,49.1,28.5,71.5,14,31.7,17.7,66.7,29,4,1,0,1,0,1,0,0,1,874,4,1,0.78,3.8,10.8985714285714,4.82,95,4.56,90,5,89,95,16.19,3.64,"NO","P"
"350","2026","Overall","All",666673,"Melvi Acosta","TIG","R","Diestro","SP","Abridor",31,"Venezuela","Guiria",17,17,335,297,82,58,12,1,11,40,32,0,32,2,2,15,37,232,77.3333333333333,5.12,4.31,1.474,6.21,113,0.276,0.348,0.434,0.782,0.351,-4.3,11.9,9.6,2.3,4.66,3.72,1.28,9.54,93,70,19,51.1,38.5,10.4,1.33,1257,44.1,16.6,83.4,7.3,24.7,17.3,61.4,44,4,7,0,0,0,0,0,0,0,1257,2,0.6,-0.56,4,11.8232941176471,6.16,121,5.83,115,5.49,98,101,16.25,1.25,"NO","P"
"351","2026","vs_LHB","L",666673,"Melvi Acosta","TIG","R","Diestro","SP","Abridor",31,"Venezuela","Guiria",17,NA,206,177,49,34,9,0,6,14,25,0,25,0,2,9,25,138,46,5.12,4.89,1.609,6.8,124,0.277,0.363,0.429,0.792,0.359,-1,6.8,12.1,-5.3,2.74,4.89,1.17,9.59,60,45,11,51.7,38.8,9.5,1.33,807,43.2,12.6,87.4,5.5,20.8,15.4,58.6,44,4,7,0,0,0,0,0,0,0,1257,2,0.6,-0.56,4,11.8232941176471,6.16,121,5.83,115,5.49,98,101,16.25,1.25,"NO","P"
"352","2026","vs_RHB","R",666673,"Melvi Acosta","TIG","R","Diestro","SP","Abridor",31,"Venezuela","Guiria",17,NA,129,120,33,24,3,1,5,26,7,0,7,2,0,6,12,94,31.3333333333333,5.12,3.45,1.277,5.36,98,0.275,0.326,0.442,0.768,0.339,-3.2,20.2,5.4,14.8,7.47,2.01,1.44,9.48,33,25,8,50,37.9,12.1,1.32,450,45.6,23.4,76.6,10.7,31.6,20.9,66.4,44,4,7,0,0,0,0,0,0,0,1257,2,0.6,-0.56,4,11.8232941176471,6.16,121,5.83,115,5.49,98,101,16.25,1.25,"NO","P"
"353","2026","Overall","All",664082,"Michael Boyle","JAL","L","Zurdo","SP","Abridor",32,"USA","Richmond",18,7,168,146,47,38,5,0,4,20,14,0,14,1,3,5,23,110,36.6666666666667,5.89,5.65,1.664,5.63,103,0.322,0.378,0.438,0.816,0.37,1,11.9,8.3,3.6,4.91,3.44,0.98,11.54,38,38,6,46.3,46.3,7.3,1,620,49.2,16.7,83.3,8.2,22.4,14.2,63.4,24,1,5,0,0,1,0,0,0,0,616,5,0.3,0.01,-3.5,11.3966481481481,5.59,110,5.92,116,6.46,115,116,16.8,1.43,"NO","P"
"354","2026","vs_LHB","L",664082,"Michael Boyle","JAL","L","Zurdo","SP","Abridor",32,"USA","Richmond",17,NA,62,56,16,13,1,0,2,10,3,0,3,1,1,1,7,42,14,5.89,4.5,1.357,5.37,98,0.286,0.328,0.411,0.739,0.331,-2,16.1,4.8,11.3,6.43,1.93,1.29,10.29,16,15,1,50,46.9,3.1,1.07,216,48.1,15.4,84.6,7.4,27.8,20.4,68.5,24,1,5,0,0,1,0,0,0,0,616,5,0.3,0.01,-3.5,11.3966481481481,5.59,110,5.92,116,6.46,115,116,16.8,1.43,"NO","P"
"355","2026","vs_RHB","R",664082,"Michael Boyle","JAL","L","Zurdo","SP","Abridor",32,"USA","Richmond",17,NA,106,90,31,25,4,0,2,10,11,0,11,0,2,4,16,68,22.6666666666667,5.89,6.35,1.853,5.8,106,0.344,0.408,0.456,0.864,0.392,2.9,9.4,10.4,-1,3.97,4.37,0.79,12.31,22,23,5,44,46,10,0.96,404,49.8,17.4,82.6,8.7,19.6,10.9,60.6,24,1,5,0,0,1,0,0,0,0,616,5,0.3,0.01,-3.5,11.3966481481481,5.59,110,5.92,116,6.46,115,116,16.8,1.43,"NO","P"
"356","2026","Overall","All",592527,"Michael Mariot","MEX","R","Diestro","SP","Abridor",37,"USA","West Hills",10,6,146,129,46,33,5,0,8,20,11,0,11,3,2,3,29,88,29.3333333333333,8.59,8.9,1.943,7.69,140,0.357,0.414,0.581,0.995,0.433,9.9,13.7,7.5,6.2,6.14,3.38,2.45,14.11,34,35,2,47.9,49.3,2.8,0.97,511,41.9,18.7,81.3,7.8,26.6,18.8,60.7,28,1,1,0,0,0,0,0,0,0,512,1,-0.3,-2.06,-13.4,12.3991,7.66,150,6.11,120,8.97,160,169,17.45,1.82,"NO","P"
"357","2026","vs_LHB","L",592527,"Michael Mariot","MEX","R","Diestro","SP","Abridor",37,"USA","West Hills",10,NA,76,66,23,15,3,0,5,9,8,0,8,1,1,3,15,47,15.6666666666667,8.59,8.62,1.979,8.8,161,0.348,0.421,0.621,1.042,0.447,6.2,11.8,10.5,1.3,5.17,4.6,2.87,13.21,18,19,2,46.2,48.7,5.1,0.95,252,39.7,15,85,6,24.2,18.3,57.9,28,1,1,0,0,0,0,0,0,0,512,1,-0.3,-2.06,-13.4,12.3991,7.66,150,6.11,120,8.97,160,169,17.45,1.82,"NO","P"
"358","2026","vs_RHB","R",592527,"Michael Mariot","MEX","R","Diestro","SP","Abridor",37,"USA","West Hills",9,NA,70,63,23,18,2,0,3,11,3,0,3,2,1,0,14,41,13.6666666666667,8.59,9.22,1.902,6.42,117,0.365,0.406,0.54,0.946,0.417,3.6,15.7,4.3,11.4,7.24,1.98,1.98,15.15,16,16,0,50,50,0,1,259,44,21.9,78.1,9.7,29,19.3,63.3,28,1,1,0,0,0,0,0,0,0,512,1,-0.3,-2.06,-13.4,12.3991,7.66,150,6.11,120,8.97,160,169,17.45,1.82,"NO","P"
"359","2026","Overall","All",677541,"Michele Vassalotti","TIG","R","Diestro","SP","Abridor",25,"VEN","Valencia",26,5,180,146,28,16,6,1,5,33,27,2,25,4,3,2,22,119,39.6666666666667,4.31,4.99,1.336,6.25,114,0.192,0.328,0.349,0.677,0.318,-8.1,18.3,13.9,4.4,7.49,5.67,1.13,6.35,27,53,5,31.8,62.4,5.9,0.51,735,43.3,20.1,79.9,8.7,23.3,14.6,57.8,19,0,3,0,1,4,1,0,0,0,735,7,0,-0.61,1.6,11.5532820512821,6.21,122,6.7,132,5.51,98,85,18.53,1.22,"NO","P"
"360","2026","vs_LHB","L",677541,"Michele Vassalotti","TIG","R","Diestro","SP","Abridor",25,"VEN","Valencia",20,NA,93,75,12,5,4,1,2,17,14,2,12,2,2,1,11,64,21.3333333333333,4.31,4.64,1.125,5.67,103,0.16,0.301,0.32,0.621,0.292,-6.6,18.3,12.9,5.4,7.17,5.06,0.84,5.06,15,28,2,33.3,62.2,4.4,0.54,378,45,21.2,78.8,9.5,20.9,11.4,56.3,19,0,3,0,1,4,1,0,0,0,735,7,0,-0.61,1.6,11.5532820512821,6.21,122,6.7,132,5.51,98,85,18.53,1.22,"NO","P"
"361","2026","vs_RHB","R",677541,"Michele Vassalotti","TIG","R","Diestro","SP","Abridor",25,"VEN","Valencia",26,NA,87,71,16,11,2,0,3,16,13,0,13,2,1,1,11,55,18.3333333333333,4.31,5.4,1.582,6.92,126,0.225,0.356,0.38,0.736,0.345,-1.6,18.4,14.9,3.5,7.85,6.38,1.47,7.85,12,25,3,30,62.5,7.5,0.48,357,41.5,18.9,81.1,7.8,25.8,17.9,59.4,19,0,3,0,1,4,1,0,0,0,735,7,0,-0.61,1.6,11.5532820512821,6.21,122,6.7,132,5.51,98,85,18.53,1.22,"NO","P"
"362","2026","Overall","All",676949,"Miller Hogan","CAM","R","Diestro","SP","Abridor",29,"USA","Overland Park",4,4,56,52,12,5,5,0,2,13,3,0,3,1,0,3,6,44,14.6666666666667,4.3,3.68,1.023,4.9,89,0.231,0.286,0.442,0.728,0.314,-2.7,23.2,5.4,17.8,7.98,1.84,1.23,7.36,13,15,0,46.4,53.6,0,0.87,204,50.5,25.2,74.8,12.7,28.9,16.2,66.7,7,1,0,0,0,0,0,0,0,0,208,1,0.3,0.52,2.6,11.0923333333333,5.08,100,5.02,99,4.44,79,84,14.18,3.25,"NO","P"
"363","2026","vs_LHB","L",676949,"Miller Hogan","CAM","R","Diestro","SP","Abridor",29,"USA","Overland Park",4,NA,37,33,7,5,2,0,0,6,3,0,3,1,0,2,2,28,9.33333333333333,4.3,1.93,1.071,4.08,74,0.212,0.297,0.273,0.57,0.277,-3.2,16.2,8.1,8.1,5.79,2.89,0,6.75,11,9,0,55,45,0,1.22,145,47.6,18.8,81.2,9,24.8,15.9,63.4,7,1,0,0,0,0,0,0,0,0,208,1,0.3,0.52,2.6,11.0923333333333,5.08,100,5.02,99,4.44,79,84,14.18,3.25,"NO","P"
"364","2026","vs_RHB","R",676949,"Miller Hogan","CAM","R","Diestro","SP","Abridor",29,"USA","Overland Park",4,NA,19,19,5,0,3,0,2,7,0,0,0,0,0,1,4,16,5.33333333333333,4.3,6.75,0.938,6.33,116,0.263,0.263,0.737,1,0.388,0.4,36.8,0,36.8,11.81,0,3.38,8.44,2,6,0,25,75,0,0.33,59,57.6,38.2,61.8,22,39,16.9,74.6,7,1,0,0,0,0,0,0,0,0,208,1,0.3,0.52,2.6,11.0923333333333,5.08,100,5.02,99,4.44,79,84,14.18,3.25,"NO","P"
"365","2026","Overall","All",681626,"Moises Diaz","TIG","R","Diestro","SP","Abridor",25,"Dominican Republic","Santiago",22,3,127,112,35,27,5,1,2,21,12,2,10,2,0,5,22,82,27.3333333333333,5.2,7.24,1.646,4.81,88,0.312,0.389,0.429,0.818,0.375,1.4,16.5,7.9,8.6,6.91,3.29,0.66,11.52,31,21,3,56.4,38.2,5.5,1.48,463,42.5,20.8,79.2,8.9,26.8,17.9,60.5,16,5,1,0,2,1,2,0,0,1,463,1,0.4,0.84,-4.2,11.2269090909091,4.76,94,4.97,98,5.62,100,102,16.73,1.75,"NO","P"
"366","2026","vs_LHB","L",681626,"Moises Diaz","TIG","R","Diestro","SP","Abridor",25,"Dominican Republic","Santiago",19,NA,61,53,14,9,3,1,1,11,8,2,6,0,0,2,8,40,13.3333333333333,5.2,5.4,1.5,4.76,87,0.264,0.361,0.415,0.776,0.352,-0.7,18,9.8,8.2,7.42,4.05,0.67,9.45,19,8,1,67.9,28.6,3.6,2.38,235,40,19.1,80.9,7.7,24.3,16.6,56.6,16,5,1,0,2,1,2,0,0,1,463,1,0.4,0.84,-4.2,11.2269090909091,4.76,94,4.97,98,5.62,100,102,16.73,1.75,"NO","P"
"367","2026","vs_RHB","R",681626,"Moises Diaz","TIG","R","Diestro","SP","Abridor",25,"Dominican Republic","Santiago",19,NA,66,59,21,18,2,0,1,10,4,0,4,2,0,3,14,42,14,5.2,9,1.786,4.87,89,0.356,0.415,0.441,0.856,0.397,2.1,15.2,6.1,9.1,6.43,2.57,0.64,13.5,12,13,2,44.4,48.1,7.4,0.92,228,45.2,22.3,77.7,10.1,29.4,19.3,64.5,16,5,1,0,2,1,2,0,0,1,463,1,0.4,0.84,-4.2,11.2269090909091,4.76,94,4.97,98,5.62,100,102,16.73,1.75,"NO","P"
"368","2026","Overall","All",802591,"Nate Antone","LAR","R","Diestro","SP","Abridor",34,"USA","Allegheny",10,6,127,116,35,20,10,0,5,28,7,0,7,3,1,3,17,85,28.3333333333333,5.97,5.4,1.482,5.46,100,0.302,0.354,0.517,0.871,0.378,1.7,22,5.5,16.5,8.89,2.22,1.59,11.12,21,32,4,36.8,56.1,7,0.66,492,47,24.7,75.3,11.6,26.6,15,62,19,2,1,0,0,1,0,0,0,0,493,3,0.3,0.2,-1.7,11.306,5.4,106,4.94,97,6.38,114,117,17.2,4,"NO","P"
"369","2026","vs_LHB","L",802591,"Nate Antone","LAR","R","Diestro","SP","Abridor",34,"USA","Allegheny",9,NA,51,45,9,8,1,0,0,16,5,0,5,1,0,1,3,37,12.3333333333333,5.97,2.19,1.135,2.94,54,0.2,0.294,0.222,0.516,0.262,-5.1,31.4,9.8,21.6,11.68,3.65,0,6.57,4,13,2,21.1,68.4,10.5,0.31,213,45.5,25.8,74.2,11.7,28.2,16.4,62,19,2,1,0,0,1,0,0,0,0,493,3,0.3,0.2,-1.7,11.306,5.4,106,4.94,97,6.38,114,117,17.2,4,"NO","P"
"370","2026","vs_RHB","R",802591,"Nate Antone","LAR","R","Diestro","SP","Abridor",34,"USA","Allegheny",10,NA,76,71,26,12,9,0,5,12,2,0,2,2,1,2,14,48,16,5.97,7.88,1.75,7.39,135,0.366,0.395,0.704,1.099,0.455,6.8,15.8,2.6,13.2,6.75,1.12,2.81,14.62,17,19,2,44.7,50,5.3,0.89,279,48,23.9,76.1,11.5,25.4,14,62,19,2,1,0,0,1,0,0,0,0,493,3,0.3,0.2,-1.7,11.306,5.4,106,4.94,97,6.38,114,117,17.2,4,"NO","P"
"371","2026","Overall","All",678975,"Nathanael Heredia","LEO","L","Zurdo","SP","Abridor",25,"Dominican Republic","San Pedro de Macoris",40,1,180,155,48,38,5,0,5,41,19,1,18,4,1,4,36,116,38.6666666666667,7.09,8.38,1.707,5.35,98,0.31,0.397,0.439,0.836,0.385,3.7,22.8,10,12.8,9.54,4.19,1.16,11.17,41,20,9,58.6,28.6,12.9,2.05,726,44.4,21.7,78.3,9.6,30,20.4,64.7,31,4,2,0,1,5,1,0,0,2,723,0,0.3,0.33,-8.5,11.3462375,5.27,104,4.47,88,7.37,132,139,18.38,2.16,"NO","P"
"372","2026","vs_LHB","L",678975,"Nathanael Heredia","LEO","L","Zurdo","SP","Abridor",25,"Dominican Republic","San Pedro de Macoris",34,NA,77,69,19,13,5,0,1,20,7,0,7,1,0,0,15,51,17,7.09,7.94,1.529,3.9,71,0.275,0.351,0.391,0.742,0.342,-1.7,26,9.1,16.9,10.59,3.71,0.53,10.06,21,8,2,67.7,25.8,6.5,2.62,308,41.9,25.6,74.4,10.7,34.1,23.4,65.3,31,4,2,0,1,5,1,0,0,2,723,0,0.3,0.33,-8.5,11.3462375,5.27,104,4.47,88,7.37,132,139,18.38,2.16,"NO","P"
"373","2026","vs_RHB","R",678975,"Nathanael Heredia","LEO","L","Zurdo","SP","Abridor",25,"Dominican Republic","San Pedro de Macoris",38,NA,103,86,29,25,0,0,4,21,12,1,11,3,1,4,21,65,21.6666666666667,7.09,8.72,1.846,6.48,118,0.337,0.431,0.477,0.908,0.417,5.4,20.4,10.7,9.7,8.72,4.57,1.66,12.05,20,12,7,51.3,30.8,17.9,1.67,418,46.2,19.2,80.8,8.9,27,18.2,64.4,31,4,2,0,1,5,1,0,0,2,723,0,0.3,0.33,-8.5,11.3462375,5.27,104,4.47,88,7.37,132,139,18.38,2.16,"NO","P"
"374","2026","Overall","All",572177,"Nick Struck","CHI","R","Diestro","SP","Abridor",36,"USA","Portland",28,6,212,179,56,38,9,2,7,35,26,0,26,3,2,9,26,138,46,5.44,5.09,1.783,6.43,117,0.313,0.405,0.503,0.908,0.404,8.3,16.5,12.3,4.2,6.85,5.09,1.37,10.96,36,50,7,38.7,53.8,7.5,0.72,788,43.9,19.1,80.9,8.4,24,15.6,59.5,28,2,2,1,3,3,2,0,0,0,788,6,-0.1,-0.76,-3.4,11.6085476190476,6.36,125,6.21,122,5.66,101,107,17.01,1.35,"NO","P"
"375","2026","vs_LHB","L",572177,"Nick Struck","CHI","R","Diestro","SP","Abridor",36,"USA","Portland",26,NA,96,81,26,20,4,0,2,20,12,0,12,1,1,3,9,61,20.3333333333333,5.44,3.98,1.869,5.31,97,0.321,0.411,0.444,0.855,0.393,2.7,20.8,12.5,8.3,8.85,5.31,0.89,11.51,10,20,5,28.6,57.1,14.3,0.5,383,44.4,22.9,77.1,10.2,25.8,15.7,60.1,28,2,2,1,3,3,2,0,0,0,788,6,-0.1,-0.76,-3.4,11.6085476190476,6.36,125,6.21,122,5.66,101,107,17.01,1.35,"NO","P"
"376","2026","vs_RHB","R",572177,"Nick Struck","CHI","R","Diestro","SP","Abridor",36,"USA","Portland",28,NA,116,98,30,18,5,2,5,15,14,0,14,2,1,6,17,77,25.6666666666667,5.44,5.96,1.714,7.31,133,0.306,0.4,0.551,0.951,0.412,5.5,12.9,12.1,0.8,5.26,4.91,1.75,10.52,26,30,2,44.8,51.7,3.4,0.87,405,43.5,15.3,84.7,6.7,22.2,15.6,59,28,2,2,1,3,3,2,0,0,0,788,6,-0.1,-0.76,-3.4,11.6085476190476,6.36,125,6.21,122,5.66,101,107,17.01,1.35,"NO","P"
"377","2026","Overall","All",808543,"Obed Balderas","MEX","R","Diestro","SP","Abridor",19,"Mexico","Monterrey",4,3,28,23,5,4,0,1,0,13,3,0,3,2,0,0,1,19,6.33333333333333,2.84,1.42,1.263,2.34,43,0.217,0.357,0.304,0.661,0.324,-1.1,46.4,10.7,35.7,18.47,4.26,0,7.11,1,4,0,20,80,0,0.25,113,46,38.5,61.5,17.7,38.9,21.2,67.3,2,0,0,0,1,0,1,0,0,0,116,0,0.2,2.89,2.3,10.6654583333333,2.71,53,3.81,75,2.95,53,56,18.32,3.25,"NO","P"
"378","2026","vs_LHB","L",808543,"Obed Balderas","MEX","R","Diestro","SP","Abridor",19,"Mexico","Monterrey",4,NA,14,10,3,2,0,1,0,4,3,0,3,1,0,0,1,8,2.66666666666667,2.84,3.38,2.25,5.58,102,0.3,0.5,0.5,1,0.456,1.3,28.6,21.4,7.2,13.5,10.12,0,10.12,1,2,0,33.3,66.7,0,0.5,62,35.5,13.6,86.4,4.8,29,24.2,59.7,2,0,0,0,1,0,1,0,0,0,116,0,0.2,2.89,2.3,10.6654583333333,2.71,53,3.81,75,2.95,53,56,18.32,3.25,"NO","P"
"379","2026","vs_RHB","R",808543,"Obed Balderas","MEX","R","Diestro","SP","Abridor",19,"Mexico","Monterrey",4,NA,14,13,2,2,0,0,0,9,0,0,0,1,0,0,0,11,3.66666666666667,2.84,0,0.545,-0.01,0,0.154,0.214,0.154,0.368,0.192,-2.4,64.3,0,64.3,22.09,0,0,4.91,0,2,0,0,100,0,0,51,58.8,56.7,43.3,33.3,51,17.6,76.5,2,0,0,0,1,0,1,0,0,0,116,0,0.2,2.89,2.3,10.6654583333333,2.71,53,3.81,75,2.95,53,56,18.32,3.25,"NO","P"
"380","2026","Overall","All",628333,"Odrisamer Despaigne","DUR","R","Diestro","SP","Abridor",39,"Cuba","Havana",19,18,475,428,138,103,21,4,10,73,33,0,33,7,2,24,59,315,105,4.4,5.06,1.629,5.07,93,0.322,0.379,0.46,0.839,0.376,5.6,15.4,6.9,8.5,6.26,2.83,0.86,11.83,135,56,23,63.1,26.2,10.7,2.41,1832,45.1,22.8,77.2,10.3,26,15.8,60.9,52,6,6,0,0,0,0,1,0,0,1832,2,2,0.6,-3.9,10.8415789473684,5,98,4.66,92,5.68,101,86,17.23,2.21,"YES","P"
"381","2026","vs_LHB","L",628333,"Odrisamer Despaigne","DUR","R","Diestro","SP","Abridor",39,"Cuba","Havana",19,NA,235,204,64,51,7,0,6,32,22,0,22,3,2,13,28,155,51.6666666666667,4.4,4.88,1.665,5.8,106,0.314,0.385,0.436,0.821,0.376,2.8,13.6,9.4,4.2,5.57,3.83,1.05,11.15,63,34,11,58.3,31.5,10.2,1.85,897,46,25.7,74.3,11.8,26.4,14.6,60.6,52,6,6,0,0,0,0,1,0,0,1832,2,2,0.6,-3.9,10.8415789473684,5,98,4.66,92,5.68,101,86,17.23,2.21,"YES","P"
"382","2026","vs_RHB","R",628333,"Odrisamer Despaigne","DUR","R","Diestro","SP","Abridor",39,"Cuba","Havana",19,NA,240,224,74,52,14,4,4,41,11,0,11,4,0,11,31,160,53.3333333333333,4.4,5.23,1.594,4.36,80,0.33,0.372,0.482,0.854,0.377,3.1,17.1,4.6,12.5,6.92,1.86,0.67,12.49,72,22,12,67.9,20.8,11.3,3.27,935,44.2,19.9,80.1,8.8,25.7,16.9,61.1,52,6,6,0,0,0,0,1,0,0,1832,2,2,0.6,-3.9,10.8415789473684,5,98,4.66,92,5.68,101,86,17.23,2.21,"YES","P"
"383","2026","Overall","All",607162,"Onelki Garcia","TIG","L","Zurdo","SP","Abridor",36,"Cuba","Guantanamo",23,7,200,175,60,45,13,1,1,25,16,2,14,4,1,8,32,127,42.3333333333333,6.96,6.8,1.748,4.48,82,0.343,0.408,0.446,0.854,0.391,5.3,12.5,7,5.5,5.31,2.98,0.21,12.76,55,22,11,62.5,25,12.5,2.5,711,47.3,18.5,81.5,8.7,26.4,17.7,65,33,1,3,0,0,1,0,0,0,2,706,1,0.8,1.25,-8.4,11.0177536231884,4.35,85,4.92,97,7.46,133,137,16.55,1.67,"NO","P"
"384","2026","vs_LHB","L",607162,"Onelki Garcia","TIG","L","Zurdo","SP","Abridor",36,"Cuba","Guantanamo",21,NA,76,65,20,16,4,0,0,11,6,0,6,2,1,6,16,54,18,6.96,8,1.444,4.19,76,0.308,0.378,0.369,0.747,0.352,-0.9,14.5,7.9,6.6,5.5,3,0,10,25,5,3,75.8,15.2,9.1,5,246,46.3,25.4,74.6,11.8,29.7,17.9,64.2,33,1,3,0,0,1,0,0,0,2,706,1,0.8,1.25,-8.4,11.0177536231884,4.35,85,4.92,97,7.46,133,137,16.55,1.67,"NO","P"
"385","2026","vs_RHB","R",607162,"Onelki Garcia","TIG","L","Zurdo","SP","Abridor",36,"Cuba","Guantanamo",23,NA,124,110,40,29,9,1,1,14,10,2,8,2,0,2,16,73,24.3333333333333,6.96,5.92,1.973,4.7,86,0.364,0.426,0.491,0.917,0.414,6.1,11.3,6.5,4.8,5.18,2.96,0.37,14.79,30,17,8,54.5,30.9,14.5,1.76,465,47.7,14.9,85.1,7.1,24.7,17.6,65.4,33,1,3,0,0,1,0,0,0,2,706,1,0.8,1.25,-8.4,11.0177536231884,4.35,85,4.92,97,7.46,133,137,16.55,1.67,"NO","P"
"386","2026","Overall","All",642601,"Oscar De La Cruz","AGS","R","Diestro","SP","Abridor",31,"Dominican Republic","La Romana",17,17,402,364,115,79,25,1,10,71,18,1,17,10,7,7,60,268,89.3333333333333,5.42,6.04,1.478,4.85,89,0.316,0.358,0.473,0.831,0.366,0.8,17.7,4.2,13.5,7.15,1.71,1.01,11.59,69,99,14,37.9,54.4,7.7,0.7,1471,51.3,18.5,81.5,9.5,26,16.5,67.8,54,5,9,0,0,0,0,0,0,0,1471,2,1.9,0.81,-5.1,10.6916470588235,4.79,94,5.2,102,6.15,110,106,16.41,3.94,"NO","P"
"387","2026","vs_LHB","L",642601,"Oscar De La Cruz","AGS","R","Diestro","SP","Abridor",31,"Dominican Republic","La Romana",17,NA,197,179,57,35,15,1,6,36,12,1,11,2,3,5,26,133,44.3333333333333,5.42,5.28,1.534,5.1,93,0.318,0.362,0.514,0.876,0.379,2.9,18.3,5.6,12.7,7.31,2.23,1.22,11.57,27,55,7,30.3,61.8,7.9,0.49,726,49.9,18.2,81.8,9.1,24.2,15.2,65,54,5,9,0,0,0,0,0,0,0,1471,2,1.9,0.81,-5.1,10.6916470588235,4.79,94,5.2,102,6.15,110,106,16.41,3.94,"NO","P"
"388","2026","vs_RHB","R",642601,"Oscar De La Cruz","AGS","R","Diestro","SP","Abridor",31,"Dominican Republic","La Romana",17,NA,205,185,58,44,10,0,4,35,6,0,6,8,4,2,34,135,45,5.42,6.8,1.422,4.61,84,0.314,0.355,0.432,0.787,0.354,-2,17.1,2.9,14.2,7,1.2,0.8,11.6,42,44,7,45.2,47.3,7.5,0.95,745,52.8,18.8,81.2,9.9,27.8,17.9,70.6,54,5,9,0,0,0,0,0,0,0,1471,2,1.9,0.81,-5.1,10.6916470588235,4.79,94,5.2,102,6.15,110,106,16.41,3.94,"NO","P"
"389","2026","Overall","All",570488,"Phillips Valdez","LEO","R","Diestro","SP","Abridor",34,"Dominican Republic","San Pedro de Macoris",40,5,325,275,77,49,19,2,7,55,32,2,30,10,2,13,48,217,72.3333333333333,5.38,5.97,1.479,5.48,100,0.28,0.373,0.44,0.813,0.369,1.6,16.9,9.2,7.7,6.84,3.73,0.87,9.58,79,44,23,54.1,30.1,15.8,1.8,1234,45,22.3,77.7,10,27.5,17.4,62.4,44,2,4,1,2,5,1,0,0,0,1234,4,0.5,0.2,-3.9,11.339,5.4,106,5.16,101,6.02,108,106,16.75,1.72,"NO","P"
"390","2026","vs_LHB","L",570488,"Phillips Valdez","LEO","R","Diestro","SP","Abridor",34,"Dominican Republic","San Pedro de Macoris",38,NA,150,122,40,23,10,2,5,25,23,2,21,1,2,6,26,91,30.3333333333333,5.38,7.71,2.011,6.75,123,0.328,0.432,0.566,0.998,0.435,10.4,16.7,14,2.7,7.42,6.23,1.48,11.87,30,22,10,48.4,35.5,16.1,1.36,598,42.6,24.7,75.3,10.5,26.4,15.9,58.5,44,2,4,1,2,5,1,0,0,0,1234,4,0.5,0.2,-3.9,11.339,5.4,106,5.16,101,6.02,108,106,16.75,1.72,"NO","P"
"391","2026","vs_RHB","R",570488,"Phillips Valdez","LEO","R","Diestro","SP","Abridor",34,"Dominican Republic","San Pedro de Macoris",40,NA,175,153,37,26,9,0,2,30,9,0,9,9,0,7,22,126,42,5.38,4.71,1.095,4.56,83,0.242,0.322,0.34,0.662,0.312,-8.9,17.1,5.1,12,6.43,1.93,0.43,7.93,49,22,13,58.3,26.2,15.5,2.23,636,47.2,20.3,79.7,9.6,28.5,18.9,66,44,2,4,1,2,5,1,0,0,0,1234,4,0.5,0.2,-3.9,11.339,5.4,106,5.16,101,6.02,108,106,16.75,1.72,"NO","P"
"392","2026","Overall","All",801994,"R.J. Martinez","CAM","L","Zurdo","SP","Abridor",27,"USA","Moreno Valley",20,14,264,239,57,37,8,0,12,74,20,0,20,1,2,3,24,189,63,3.69,3.43,1.222,5.21,95,0.238,0.298,0.423,0.721,0.317,-12.2,28,7.6,20.4,10.57,2.86,1.71,8.14,51,61,7,42.9,51.3,5.9,0.84,1095,48,35.6,64.4,17.1,32.8,15.7,63.7,26,0,3,0,0,0,0,0,0,0,1095,2,0.9,0.45,12.4,11.163375,5.15,101,4.29,84,4.14,74,72,17.29,3.7,"NO","P"
"393","2026","vs_LHB","L",801994,"R.J. Martinez","CAM","L","Zurdo","SP","Abridor",27,"USA","Moreno Valley",18,NA,82,75,20,16,1,0,3,25,6,0,6,1,0,0,5,56,18.6666666666667,3.69,2.41,1.393,4.62,84,0.267,0.329,0.4,0.729,0.332,-2.6,30.5,7.3,23.2,12.05,2.89,1.45,9.64,10,21,2,30.3,63.6,6.1,0.48,350,47.4,42.2,57.8,20,35.4,15.4,62.9,26,0,3,0,0,0,0,0,0,0,1095,2,0.9,0.45,12.4,11.163375,5.15,101,4.29,84,4.14,74,72,17.29,3.7,"NO","P"
"394","2026","vs_RHB","R",801994,"R.J. Martinez","CAM","L","Zurdo","SP","Abridor",27,"USA","Moreno Valley",20,NA,182,164,37,21,7,0,9,49,14,0,14,0,2,3,19,133,44.3333333333333,3.69,3.86,1.15,5.46,100,0.226,0.283,0.433,0.716,0.31,-9.6,26.9,7.7,19.2,9.95,2.84,1.83,7.51,41,40,5,47.7,46.5,5.8,1.02,745,48.3,32.5,67.5,15.7,31.5,15.8,64.2,26,0,3,0,0,0,0,0,0,0,1095,2,0.9,0.45,12.4,11.163375,5.15,101,4.29,84,4.14,74,72,17.29,3.7,"NO","P"
"395","2026","Overall","All",467785,"Radhames Liz","OAX","R","Diestro","SP","Abridor",42,"Dominican Republic","El Seybo",17,17,344,307,87,56,19,1,11,78,31,0,31,4,1,11,51,227,75.6666666666667,5.21,6.07,1.559,5.3,97,0.283,0.356,0.459,0.815,0.363,-0.3,22.7,9,13.7,9.28,3.69,1.31,10.35,77,59,10,52.7,40.4,6.8,1.31,1320,48.2,24.4,75.6,11.7,27,15.2,63.4,44,6,6,0,0,0,0,0,0,0,1320,3,1.3,0.37,-6.6,11.1243137254902,5.23,103,4.65,91,6.28,112,102,17.37,2.52,"NO","P"
"396","2026","vs_LHB","L",467785,"Radhames Liz","OAX","R","Diestro","SP","Abridor",42,"Dominican Republic","El Seybo",17,NA,177,154,48,32,11,1,4,39,20,0,20,1,1,4,27,109,36.3333333333333,5.21,6.69,1.872,5.1,93,0.312,0.392,0.474,0.866,0.388,4.2,22,11.3,10.7,9.66,4.95,0.99,11.89,37,28,3,54.4,41.2,4.4,1.32,707,47.9,23,77,11,24.8,13.7,61.7,44,6,6,0,0,0,0,0,0,0,1320,3,1.3,0.37,-6.6,11.1243137254902,5.23,103,4.65,91,6.28,112,102,17.37,2.52,"NO","P"
"397","2026","vs_RHB","R",467785,"Radhames Liz","OAX","R","Diestro","SP","Abridor",42,"Dominican Republic","El Seybo",17,NA,167,153,39,24,8,0,7,39,11,0,11,3,0,7,24,118,39.3333333333333,5.21,5.49,1.271,5.48,100,0.255,0.317,0.444,0.761,0.336,-4.6,23.4,6.6,16.8,8.92,2.52,1.6,8.92,40,31,7,51.3,39.7,9,1.29,613,48.5,25.9,74.1,12.6,29.5,17,65.4,44,6,6,0,0,0,0,0,0,0,1320,3,1.3,0.37,-6.6,11.1243137254902,5.23,103,4.65,91,6.28,112,102,17.37,2.52,"NO","P"
"398","2026","Overall","All",585132,"Raul Carrillo","YUC","R","Diestro","SP","Abridor",34,"Mexico","Guadalajara",22,6,209,186,59,38,15,1,5,37,15,0,15,4,3,4,28,138,46,5.05,5.48,1.609,5.12,93,0.317,0.375,0.489,0.864,0.381,3.5,17.7,7.2,10.5,7.24,2.93,0.98,11.54,52,37,5,55.3,39.4,5.3,1.41,761,47.7,23.1,76.9,11,25.9,14.8,62.5,26,3,4,0,0,1,0,0,0,0,761,4,0.5,0.54,-1.1,11.2114090909091,5.06,99,5,98,5.27,94,99,16.42,2.47,"NO","P"
"399","2026","vs_LHB","L",585132,"Raul Carrillo","YUC","R","Diestro","SP","Abridor",34,"Mexico","Guadalajara",21,NA,89,79,24,18,5,1,0,17,9,0,9,0,0,2,6,59,19.6666666666667,5.05,2.75,1.678,3.72,68,0.304,0.375,0.392,0.767,0.354,-0.9,19.1,10.1,9,7.78,4.12,0,10.98,23,14,1,60.5,36.8,2.6,1.64,341,47.5,21.6,78.4,10.3,26.1,15.8,63.3,26,3,4,0,0,1,0,0,0,0,761,4,0.5,0.54,-1.1,11.2114090909091,5.06,99,5,98,5.27,94,99,16.42,2.47,"NO","P"
"400","2026","vs_RHB","R",585132,"Raul Carrillo","YUC","R","Diestro","SP","Abridor",34,"Mexico","Guadalajara",21,NA,120,107,35,20,10,0,5,20,6,0,6,4,3,2,22,79,26.3333333333333,5.05,7.52,1.557,6.17,113,0.327,0.375,0.561,0.936,0.4,4.2,16.7,5,11.7,6.84,2.05,1.71,11.96,29,23,4,51.8,41.1,7.1,1.26,420,47.9,24.4,75.6,11.7,25.7,14,61.9,26,3,4,0,0,1,0,0,0,0,761,4,0.5,0.54,-1.1,11.2114090909091,5.06,99,5,98,5.27,94,99,16.42,2.47,"NO","P"
"401","2026","Overall","All",670103,"Raymond Burgos","OAX","L","Zurdo","SP","Abridor",27,"Puerto Rico","Luquillo",3,3,49,45,12,9,2,0,1,8,2,0,2,1,1,2,5,36,12,5.25,3.75,1.167,4.58,84,0.267,0.306,0.378,0.684,0.307,-2.7,16.3,4.1,12.2,6,1.5,0.75,9,15,8,3,57.7,30.8,11.5,1.88,203,47.3,21.9,78.1,10.3,30,19.7,67,7,0,0,0,0,0,0,0,0,0,203,0,0.3,1.08,-0.2,10.68,4.52,89,4.55,89,5.25,94,103,16.92,4,"NO","P"
"402","2026","vs_LHB","L",670103,"Raymond Burgos","OAX","L","Zurdo","SP","Abridor",27,"Puerto Rico","Luquillo",3,NA,16,16,2,2,0,0,0,4,0,0,0,0,0,1,0,15,5,5.25,0,0.4,2.48,45,0.125,0.125,0.125,0.25,0.116,-3.9,25,0,25,7.2,0,0,3.6,5,2,3,50,20,30,2.5,64,42.2,22.2,77.8,9.4,37.5,28.1,70.3,7,0,0,0,0,0,0,0,0,0,203,0,0.3,1.08,-0.2,10.68,4.52,89,4.55,89,5.25,94,103,16.92,4,"NO","P"
"403","2026","vs_RHB","R",670103,"Raymond Burgos","OAX","L","Zurdo","SP","Abridor",27,"Puerto Rico","Luquillo",3,NA,33,29,10,7,2,0,1,4,2,0,2,1,1,1,5,21,7,5.25,6.43,1.714,6.08,111,0.345,0.394,0.517,0.911,0.4,1.2,12.1,6.1,6,5.14,2.57,1.29,12.86,10,6,0,62.5,37.5,0,1.67,139,49.6,21.7,78.3,10.8,26.6,15.8,65.5,7,0,0,0,0,0,0,0,0,0,203,0,0.3,1.08,-0.2,10.68,4.52,89,4.55,89,5.25,94,103,16.92,4,"NO","P"
"404","2026","Overall","All",620982,"Ricardo Pinto","MEX","R","Diestro","SP","Abridor",32,"Venezuela","Guacara Carabobo",19,17,392,338,92,60,26,1,5,59,34,1,33,10,4,7,41,267,89,4.38,4.15,1.404,4.93,90,0.272,0.352,0.399,0.751,0.344,-7.7,15.1,8.4,6.7,5.97,3.34,0.51,9.3,99,82,9,52.1,43.2,4.7,1.21,1383,47.3,21.7,78.3,10.3,24.1,13.8,61.1,44,5,3,0,0,0,0,0,0,0,1383,4,1.8,0.74,10.3,10.8151403508772,4.86,95,5.65,111,4.59,82,86,15.31,1.79,"NO","P"
"405","2026","vs_LHB","L",620982,"Ricardo Pinto","MEX","R","Diestro","SP","Abridor",32,"Venezuela","Guacara Carabobo",19,NA,198,165,47,34,12,1,0,31,23,1,22,4,4,2,17,131,43.6666666666667,4.38,3.5,1.58,4.45,81,0.285,0.378,0.37,0.748,0.351,-2.5,15.7,11.1,4.6,6.39,4.53,0,9.69,36,46,4,41.9,53.5,4.7,0.78,727,44.3,23.9,76.1,10.6,24.3,13.8,58,44,5,3,0,0,0,0,0,0,0,1383,4,1.8,0.74,10.3,10.8151403508772,4.86,95,5.65,111,4.59,82,86,15.31,1.79,"NO","P"
"406","2026","vs_RHB","R",620982,"Ricardo Pinto","MEX","R","Diestro","SP","Abridor",32,"Venezuela","Guacara Carabobo",19,NA,194,173,45,26,14,0,5,28,11,0,11,6,0,5,24,136,45.3333333333333,4.38,4.76,1.235,5.4,99,0.26,0.326,0.428,0.754,0.337,-5.1,14.4,5.7,8.7,5.56,2.18,0.99,8.93,63,36,5,60.6,34.6,4.8,1.75,656,50.6,19.6,80.4,9.9,23.8,13.9,64.5,44,5,3,0,0,0,0,0,0,0,1383,4,1.8,0.74,10.3,10.8151403508772,4.86,95,5.65,111,4.59,82,86,15.31,1.79,"NO","P"
"407","2026","Overall","All",645307,"Ricardo Sánchez","LAG","L","Zurdo","SP","Abridor",29,"Venezuela","Puerto Cabello",12,12,288,255,84,57,20,2,5,52,26,1,25,4,1,8,45,179,59.6666666666667,6.3,6.79,1.827,4.88,89,0.329,0.399,0.482,0.881,0.395,8.8,18.1,8.7,9.4,7.84,3.77,0.75,12.67,66,41,11,55.9,34.7,9.3,1.61,1045,48.9,21.9,78.1,10.7,27.7,16.9,65.8,42,3,4,0,0,0,0,0,0,1,1045,1,1.3,0.78,-10.7,10.75,4.82,95,4.88,96,7.35,131,124,17.42,2,"NO","P"
"408","2026","vs_LHB","L",645307,"Ricardo Sánchez","LAG","L","Zurdo","SP","Abridor",29,"Venezuela","Puerto Cabello",12,NA,81,70,20,12,5,0,3,10,9,0,9,1,1,4,15,54,18,6.3,7.5,1.611,6.8,124,0.286,0.37,0.486,0.856,0.379,1.2,12.3,11.1,1.2,5,4.5,1.5,10,24,15,2,58.5,36.6,4.9,1.6,273,46.9,17.2,82.8,8.1,26,17.9,64.8,42,3,4,0,0,0,0,0,0,1,1045,1,1.3,0.78,-10.7,10.75,4.82,95,4.88,96,7.35,131,124,17.42,2,"NO","P"
"409","2026","vs_RHB","R",645307,"Ricardo Sánchez","LAG","L","Zurdo","SP","Abridor",29,"Venezuela","Puerto Cabello",12,NA,207,185,64,45,15,2,2,42,17,1,16,3,0,4,30,125,41.6666666666667,6.3,6.48,1.92,4.06,74,0.346,0.41,0.481,0.891,0.401,7.5,20.3,7.7,12.6,9.07,3.46,0.43,13.82,42,26,9,54.5,33.8,11.7,1.62,772,49.6,23.5,76.5,11.7,28.2,16.6,66.2,42,3,4,0,0,0,0,0,0,1,1045,1,1.3,0.78,-10.7,10.75,4.82,95,4.88,96,7.35,131,124,17.42,2,"NO","P"
"410","2026","Overall","All",667498,"Robert Dugger","OAX","R","Diestro","SP","Abridor",30,"USA","Tucson",15,14,281,251,84,60,14,2,8,49,25,0,25,2,2,8,40,184,61.3333333333333,6.68,5.87,1.777,5.5,100,0.335,0.396,0.502,0.898,0.398,9.4,17.4,8.9,8.5,7.19,3.67,1.17,12.33,61,55,7,49.6,44.7,5.7,1.11,1031,47.3,25.8,74.2,12.2,29.1,16.9,64.2,46,4,4,0,0,0,0,0,0,3,1031,1,0.9,0.18,-8.2,11.276,5.42,106,5.21,102,6.97,124,131,16.63,1.96,"NO","P"
"411","2026","vs_LHB","L",667498,"Robert Dugger","OAX","R","Diestro","SP","Abridor",30,"USA","Tucson",15,NA,140,124,40,34,3,0,3,18,13,0,13,1,1,3,16,91,30.3333333333333,6.68,4.75,1.747,5.56,101,0.323,0.388,0.419,0.807,0.373,1.2,12.9,9.3,3.6,5.34,3.86,0.89,11.87,32,32,3,47.8,47.8,4.5,1,536,47.9,22.2,77.8,10.6,25.9,15.3,63.2,46,4,4,0,0,0,0,0,0,3,1031,1,0.9,0.18,-8.2,11.276,5.42,106,5.21,102,6.97,124,131,16.63,1.96,"NO","P"
"412","2026","vs_RHB","R",667498,"Robert Dugger","OAX","R","Diestro","SP","Abridor",30,"USA","Tucson",15,NA,141,127,44,26,11,2,5,31,12,0,12,1,1,5,24,93,31,6.68,6.97,1.806,5.43,99,0.346,0.404,0.583,0.987,0.424,8.3,22,8.5,13.5,9,3.48,1.45,12.77,29,23,4,51.8,41.1,7.1,1.26,495,46.7,29.9,70.1,13.9,32.5,18.6,65.3,46,4,4,0,0,0,0,0,0,3,1031,1,0.9,0.18,-8.2,11.276,5.42,106,5.21,102,6.97,124,131,16.63,1.96,"NO","P"
"413","2026","Overall","All",606273,"Roenis Elías","LAG","L","Zurdo","SP","Abridor",37,"Cuba","Guantanamo",11,10,166,147,45,28,11,3,3,31,13,0,13,1,3,2,27,107,35.6666666666667,6.75,6.81,1.626,4.61,84,0.306,0.36,0.483,0.843,0.366,0.3,18.7,7.8,10.9,7.82,3.28,0.76,11.36,27,36,7,38.6,51.4,10,0.75,605,49.4,24.1,75.9,11.9,26.4,14.5,64,27,0,4,0,0,0,0,0,0,1,607,2,0.8,1.05,-7.9,10.8272727272727,4.55,89,5.14,101,7.5,134,133,16.86,2.38,"NO","P"
"414","2026","vs_LHB","L",606273,"Roenis Elías","LAG","L","Zurdo","SP","Abridor",37,"Cuba","Guantanamo",11,NA,41,37,10,6,3,1,0,5,3,0,3,1,0,1,2,27,9,6.75,2,1.444,4.3,78,0.27,0.341,0.405,0.746,0.335,-1.2,12.2,7.3,4.9,5,3,0,10,12,8,1,57.1,38.1,4.8,1.5,137,52.6,19.4,80.6,10.2,24.1,13.9,66.4,27,0,4,0,0,0,0,0,0,1,607,2,0.8,1.05,-7.9,10.8272727272727,4.55,89,5.14,101,7.5,134,133,16.86,2.38,"NO","P"
"415","2026","vs_RHB","R",606273,"Roenis Elías","LAG","L","Zurdo","SP","Abridor",37,"Cuba","Guantanamo",11,NA,125,110,35,22,8,2,3,26,10,0,10,0,3,1,25,80,26.6666666666667,6.75,8.44,1.688,4.72,86,0.318,0.366,0.509,0.875,0.376,1.5,20.8,8,12.8,8.78,3.38,1.01,11.81,15,28,6,30.6,57.1,12.2,0.54,468,48.5,25.6,74.4,12.4,27.1,14.7,63.2,27,0,4,0,0,0,0,0,0,1,607,2,0.8,1.05,-7.9,10.8272727272727,4.55,89,5.14,101,7.5,134,133,16.86,2.38,"NO","P"
"416","2026","Overall","All",616571,"Rogelio Martinez","LEO","R","Diestro","SP","Abridor",34,"Mexico","Lagos de Moreno",19,2,136,118,37,25,7,1,4,17,17,0,17,1,0,4,25,85,28.3333333333333,6.67,7.94,1.906,6.62,121,0.314,0.404,0.492,0.896,0.402,5.1,12.5,12.5,0,5.4,5.4,1.27,11.75,30,30,4,46.9,46.9,6.2,1,521,43.8,19.3,80.7,8.4,24.2,15.7,59.5,21,0,2,0,0,0,0,0,0,0,521,1,-0.1,-0.98,-6.6,11.6415614035088,6.58,129,6.52,128,7.37,132,131,18.39,1,"NO","P"
"417","2026","vs_LHB","L",616571,"Rogelio Martinez","LEO","R","Diestro","SP","Abridor",34,"Mexico","Lagos de Moreno",19,NA,64,53,15,12,1,1,1,4,11,0,11,0,0,1,10,38,12.6666666666667,6.67,7.11,2.053,7.08,129,0.283,0.406,0.396,0.802,0.378,0.9,6.2,17.2,-11,2.84,7.82,0.71,10.66,15,17,2,44.1,50,5.9,0.88,244,46.7,18.4,81.6,8.6,19.3,10.7,57.4,21,0,2,0,0,0,0,0,0,0,521,1,-0.1,-0.98,-6.6,11.6415614035088,6.58,129,6.52,128,7.37,132,131,18.39,1,"NO","P"
"418","2026","vs_RHB","R",616571,"Rogelio Martinez","LEO","R","Diestro","SP","Abridor",34,"Mexico","Lagos de Moreno",18,NA,72,65,22,13,6,0,3,13,6,0,6,1,0,3,15,47,15.6666666666667,6.67,8.62,1.787,6.25,114,0.338,0.403,0.569,0.972,0.423,4.2,18.1,8.3,9.8,7.47,3.45,1.72,12.64,15,13,2,50,43.3,6.7,1.15,277,41.2,20.2,79.8,8.3,28.5,20.2,61.4,21,0,2,0,0,0,0,0,0,0,521,1,-0.1,-0.98,-6.6,11.6415614035088,6.58,129,6.52,128,7.37,132,131,18.39,1,"NO","P"
"419","2026","Overall","All",807608,"Rolando Mora","MVA","R","Diestro","SP","Abridor",24,"Mexico","Hermosillo",19,3,144,122,31,18,8,1,4,42,17,0,17,3,2,4,19,97,32.3333333333333,3.55,5.29,1.485,4.95,90,0.254,0.354,0.434,0.788,0.354,-1.4,29.2,11.8,17.4,11.69,4.73,1.11,8.63,17,26,6,34.7,53.1,12.2,0.65,606,45.5,29.7,70.3,13.5,27.4,13.9,59.4,13,2,1,0,1,0,1,0,0,0,604,6,0.4,0.73,5.6,11.1886842105263,4.87,96,4.61,91,3.82,68,70,18.3,2.47,"NO","P"
"420","2026","vs_LHB","L",807608,"Rolando Mora","MVA","R","Diestro","SP","Abridor",24,"Mexico","Hermosillo",19,NA,61,52,15,7,4,1,3,21,8,0,8,1,0,0,9,38,12.6666666666667,3.55,6.39,1.816,5.97,109,0.288,0.393,0.577,0.97,0.416,3.1,34.4,13.1,21.3,14.92,5.68,2.13,10.66,6,9,3,33.3,50,16.7,0.67,266,46.2,32.5,67.5,15,29.3,14.3,60.5,13,2,1,0,1,0,1,0,0,0,604,6,0.4,0.73,5.6,11.1886842105263,4.87,96,4.61,91,3.82,68,70,18.3,2.47,"NO","P"
"421","2026","vs_RHB","R",807608,"Rolando Mora","MVA","R","Diestro","SP","Abridor",24,"Mexico","Hermosillo",18,NA,83,70,16,11,4,0,1,21,9,0,9,2,2,4,10,59,19.6666666666667,3.55,4.58,1.271,4.28,78,0.229,0.325,0.329,0.654,0.309,-4.5,25.3,10.8,14.5,9.61,4.12,0.46,7.32,11,17,3,35.5,54.8,9.7,0.65,340,45,27.5,72.5,12.4,25.9,13.5,58.5,13,2,1,0,1,0,1,0,0,0,604,6,0.4,0.73,5.6,11.1886842105263,4.87,96,4.61,91,3.82,68,70,18.3,2.47,"NO","P"
"422","2026","Overall","All",642574,"Ronald Medrano","AGS","R","Diestro","SP","Abridor",30,"Nicaragua","Managua",18,17,378,342,104,66,24,1,13,61,25,3,22,5,3,11,49,253,84.3333333333333,5.85,5.23,1.494,5.6,102,0.304,0.357,0.494,0.851,0.373,3.3,16.1,5.8,10.3,6.51,2.35,1.39,11.1,87,86,11,47.3,46.7,6,1.01,1376,48.1,21.5,78.5,10.3,26.7,16.4,64.5,55,3,8,0,0,0,0,0,0,1,1378,4,1.1,0.06,-5.6,11.3532222222222,5.54,109,5.25,103,6.31,113,115,16.28,2.44,"NO","P"
"423","2026","vs_LHB","L",642574,"Ronald Medrano","AGS","R","Diestro","SP","Abridor",30,"Nicaragua","Managua",17,NA,178,163,45,26,13,1,5,32,15,3,12,0,0,7,25,123,41,5.85,5.49,1.39,4.98,91,0.276,0.337,0.46,0.797,0.35,-2.4,18,6.7,11.3,7.02,2.63,1.1,9.88,42,39,5,48.8,45.3,5.8,1.08,720,47.4,22.3,77.7,10.6,25.3,14.7,62.1,55,3,8,0,0,0,0,0,0,1,1378,4,1.1,0.06,-5.6,11.3532222222222,5.54,109,5.25,103,6.31,113,115,16.28,2.44,"NO","P"
"424","2026","vs_RHB","R",642574,"Ronald Medrano","AGS","R","Diestro","SP","Abridor",30,"Nicaragua","Managua",18,NA,200,179,59,40,11,0,8,29,10,0,10,5,3,4,24,130,43.3333333333333,5.85,4.98,1.592,6.18,113,0.33,0.376,0.525,0.901,0.393,5.7,14.5,5,9.5,6.02,2.08,1.66,12.25,45,47,6,45.9,48,6.1,0.96,656,48.9,20.6,79.4,10.1,28.2,18.1,67.1,55,3,8,0,0,0,0,0,0,1,1378,4,1.1,0.06,-5.6,11.3532222222222,5.54,109,5.25,103,6.31,113,115,16.28,2.44,"NO","P"
"425","2026","Overall","All",687102,"Ross Carver","CAM","R","Diestro","SP","Abridor",26,"USA","Benton",14,10,204,186,39,25,4,0,10,65,13,0,13,3,1,0,28,148,49.3333333333333,4.86,5.11,1.054,5.05,92,0.21,0.271,0.392,0.663,0.293,-14.2,31.9,6.4,25.5,11.86,2.37,1.82,7.11,33,54,5,35.9,58.7,5.4,0.61,810,50.2,32.2,67.8,16.2,32.7,16.5,66.8,27,3,3,0,0,0,0,0,0,0,810,7,0.8,0.62,1.5,11.0309523809524,4.98,98,4.19,82,5.58,100,95,16.2,5,"NO","P"
"426","2026","vs_LHB","L",687102,"Ross Carver","CAM","R","Diestro","SP","Abridor",26,"USA","Benton",14,NA,112,103,21,13,2,0,6,39,7,0,7,1,1,0,17,82,27.3333333333333,4.86,5.6,1.024,4.96,91,0.204,0.259,0.398,0.657,0.286,-8.6,34.8,6.2,28.6,12.84,2.3,1.98,6.91,16,31,2,32.7,63.3,4.1,0.52,450,52.7,31.2,68.8,16.4,32.4,16,68.7,27,3,3,0,0,0,0,0,0,0,810,7,0.8,0.62,1.5,11.0309523809524,4.98,98,4.19,82,5.58,100,95,16.2,5,"NO","P"
"427","2026","vs_RHB","R",687102,"Ross Carver","CAM","R","Diestro","SP","Abridor",26,"USA","Benton",14,NA,92,83,18,12,2,0,4,26,6,0,6,2,0,0,11,66,22,4.86,4.5,1.091,5.17,94,0.217,0.286,0.386,0.672,0.301,-5.7,28.3,6.5,21.8,10.64,2.45,1.64,7.36,17,23,3,39.5,53.5,7,0.74,360,47.2,33.5,66.5,15.8,33.1,17.2,64.4,27,3,3,0,0,0,0,0,0,0,810,7,0.8,0.62,1.5,11.0309523809524,4.98,98,4.19,82,5.58,100,95,16.2,5,"NO","P"
"428","2026","Overall","All",674114,"Ryan Garcia","CAM","R","Diestro","SP","Abridor",28,"USA","Arcadia",3,3,55,44,16,9,5,0,2,6,7,0,7,2,2,1,13,32,10.6666666666667,10.64,10.97,2.156,7.92,145,0.364,0.455,0.614,1.069,0.46,5.2,10.9,12.7,-1.8,5.06,5.91,1.69,13.5,15,8,1,62.5,33.3,4.2,1.88,189,43.4,17.1,82.9,7.4,23.8,16.4,59.8,13,0,1,0,0,0,0,0,0,0,190,2,-0.1,-2.15,-7.2,12.7138888888889,7.75,152,6.6,130,10.64,190,209,17.27,0.86,"NO","P"
"429","2026","vs_LHB","L",674114,"Ryan Garcia","CAM","R","Diestro","SP","Abridor",28,"USA","Arcadia",3,NA,31,22,8,5,1,0,2,2,5,0,5,2,2,0,12,17,5.66666666666667,10.64,19.06,2.294,11.67,213,0.364,0.484,0.682,1.166,0.489,3.8,6.5,16.1,-9.6,3.18,7.94,3.18,12.71,10,4,0,71.4,28.6,0,2.5,110,42.7,19.1,80.9,8.2,20.9,12.7,55.5,13,0,1,0,0,0,0,0,0,0,190,2,-0.1,-2.15,-7.2,12.7138888888889,7.75,152,6.6,130,10.64,190,209,17.27,0.86,"NO","P"
"430","2026","vs_RHB","R",674114,"Ryan Garcia","CAM","R","Diestro","SP","Abridor",28,"USA","Arcadia",3,NA,24,22,8,4,4,0,0,4,2,0,2,0,0,1,1,15,5,10.64,1.8,2,3.68,67,0.364,0.417,0.545,0.962,0.422,1.4,16.7,8.3,8.4,7.2,3.6,0,14.4,5,4,1,50,40,10,1.25,79,44.3,14.3,85.7,6.3,27.8,21.5,65.8,13,0,1,0,0,0,0,0,0,0,190,2,-0.1,-2.15,-7.2,12.7138888888889,7.75,152,6.6,130,10.64,190,209,17.27,0.86,"NO","P"
"431","2026","Overall","All",653252,"Sasagi Sanchez","JAL","R","Diestro","SP","Abridor",32,"Mexico","Mazatlan",25,1,106,99,26,15,3,0,8,19,5,0,5,0,0,3,15,77,25.6666666666667,4.91,5.26,1.208,7.24,132,0.263,0.298,0.535,0.833,0.35,-1.5,17.9,4.7,13.2,6.66,1.75,2.81,9.12,27,32,2,44.3,52.5,3.3,0.84,395,50.1,21.2,78.8,10.6,25.1,14.4,64.6,14,1,1,0,2,1,2,0,0,0,395,0,-0.3,-1.63,2.8,11.67384,7.23,142,5.24,103,5.36,96,96,15.39,3.8,"NO","P"
"432","2026","vs_LHB","L",653252,"Sasagi Sanchez","JAL","R","Diestro","SP","Abridor",32,"Mexico","Mazatlan",24,NA,48,41,12,6,2,0,4,4,5,0,5,0,0,2,8,32,10.6666666666667,4.91,6.75,1.594,9.61,175,0.293,0.37,0.634,1.004,0.421,2.7,8.3,10.4,-2.1,3.38,4.22,3.38,10.12,14,13,1,50,46.4,3.6,1.08,170,52.4,13.5,86.5,7.1,18.8,11.8,64.1,14,1,1,0,2,1,2,0,0,0,395,0,-0.3,-1.63,2.8,11.67384,7.23,142,5.24,103,5.36,96,96,15.39,3.8,"NO","P"
"433","2026","vs_RHB","R",653252,"Sasagi Sanchez","JAL","R","Diestro","SP","Abridor",32,"Mexico","Mazatlan",25,NA,58,58,14,9,1,0,4,15,0,0,0,0,0,1,7,45,15,4.91,4.2,0.933,5.55,101,0.241,0.241,0.466,0.707,0.294,-4,25.9,0,25.9,9,0,2.4,8.4,13,19,1,39.4,57.6,3,0.68,225,48.4,27.5,72.5,13.3,29.8,16.4,64.9,14,1,1,0,2,1,2,0,0,0,395,0,-0.3,-1.63,2.8,11.67384,7.23,142,5.24,103,5.36,96,96,15.39,3.8,"NO","P"
"434","2026","Overall","All",543594,"Sean Nolin","CAM","L","Zurdo","SP","Abridor",36,"USA","Seaford",9,9,156,137,49,21,19,0,9,24,9,0,9,6,1,0,35,92,30.6666666666667,10.27,10.27,1.891,7.8,142,0.358,0.418,0.693,1.111,0.466,15.6,15.4,5.8,9.6,7.04,2.64,2.64,14.38,28,38,4,40,54.3,5.7,0.74,509,46.8,20.2,79.8,9.4,28.3,18.9,65.6,35,0,5,0,0,0,0,0,0,0,509,0,-0.2,-2.19,-19.6,12.6247777777778,7.79,153,6.03,118,11.92,213,202,16.6,2.67,"NO","P"
"435","2026","vs_LHB","L",543594,"Sean Nolin","CAM","L","Zurdo","SP","Abridor",36,"USA","Seaford",9,NA,67,56,19,9,7,0,3,10,5,0,5,5,1,0,12,37,12.3333333333333,10.27,8.76,1.946,8.05,147,0.339,0.433,0.625,1.058,0.455,6,14.9,7.5,7.4,7.3,3.65,2.19,13.86,14,11,3,50,39.3,10.7,1.27,228,42.1,19.8,80.2,8.3,29.8,21.5,63.6,35,0,5,0,0,0,0,0,0,0,509,0,-0.2,-2.19,-19.6,12.6247777777778,7.79,153,6.03,118,11.92,213,202,16.6,2.67,"NO","P"
"436","2026","vs_RHB","R",543594,"Sean Nolin","CAM","L","Zurdo","SP","Abridor",36,"USA","Seaford",9,NA,89,81,30,12,12,0,6,14,4,0,4,1,0,0,23,55,18.3333333333333,10.27,11.29,1.855,7.63,139,0.37,0.407,0.741,1.148,0.475,9.7,15.7,4.5,11.2,6.87,1.96,2.95,14.73,14,27,1,33.3,64.3,2.4,0.52,281,50.5,20.4,79.6,10.3,27,16.7,67.3,35,0,5,0,0,0,0,0,0,0,509,0,-0.2,-2.19,-19.6,12.6247777777778,7.79,153,6.03,118,11.92,213,202,16.6,2.67,"NO","P"
"437","2026","Overall","All",572888,"Shane Greene","MEX","R","Diestro","SP","Abridor",37,"USA","Clermont",2,1,25,21,10,6,4,0,0,1,3,0,3,1,0,0,10,11,3.66666666666667,22.09,24.55,3.545,6.81,124,0.476,0.56,0.667,1.227,0.544,4.4,4,12,-8,2.45,7.36,0,24.55,4,6,0,40,60,0,0.67,89,41.6,16.2,83.8,6.7,25.8,19.1,60.7,9,0,0,0,0,0,0,0,0,0,89,0,0,-1.54,-9.5,11.8106666666667,7.14,140,10.29,202,28.12,502,434,24.27,0.33,"NO","P"
"438","2026","vs_LHB","L",572888,"Shane Greene","MEX","R","Diestro","SP","Abridor",37,"USA","Clermont",2,NA,14,11,4,2,2,0,0,1,3,0,3,0,0,0,6,7,2.33333333333333,22.09,23.14,3,7.08,129,0.364,0.5,0.545,1.045,0.473,1.5,7.1,21.4,-14.3,3.86,11.57,0,15.43,3,3,0,50,50,0,1,55,41.8,21.7,78.3,9.1,25.5,16.4,58.2,9,0,0,0,0,0,0,0,0,0,89,0,0,-1.54,-9.5,11.8106666666667,7.14,140,10.29,202,28.12,502,434,24.27,0.33,"NO","P"
"439","2026","vs_RHB","R",572888,"Shane Greene","MEX","R","Diestro","SP","Abridor",37,"USA","Clermont",2,NA,11,10,6,4,2,0,0,0,0,0,0,1,0,0,4,4,1.33333333333333,22.09,27,4.5,6.33,116,0.6,0.636,0.8,1.436,0.634,2.9,0,0,0,0,0,0,40.5,1,3,0,25,75,0,0.33,34,41.2,7.1,92.9,2.9,26.5,23.5,64.7,9,0,0,0,0,0,0,0,0,0,89,0,0,-1.54,-9.5,11.8106666666667,7.14,140,10.29,202,28.12,502,434,24.27,0.33,"NO","P"
"440","2026","Overall","All",663603,"Solomon Bates","QRO","R","Diestro","SP","Abridor",29,"USA","Victorville",4,4,82,77,36,18,11,0,7,10,4,0,4,1,0,0,21,40,13.3333333333333,17.55,14.17,3,10.53,192,0.468,0.5,0.883,1.383,0.574,16.9,12.2,4.9,7.3,6.75,2.7,4.73,24.3,13,19,5,35.1,51.4,13.5,0.68,322,48.4,14.1,85.9,6.8,20.8,14,62.4,26,0,4,0,0,0,0,0,0,0,322,0,-0.3,-4.98,-16.9,14.11825,10.58,208,6.07,119,19.24,344,345,24.15,2.5,"NO","P"
"441","2026","vs_LHB","L",663603,"Solomon Bates","QRO","R","Diestro","SP","Abridor",29,"USA","Victorville",4,NA,37,35,16,9,4,0,3,4,2,0,2,0,0,0,10,18,6,17.55,15,3,10.25,187,0.457,0.486,0.829,1.315,0.551,6.8,10.8,5.4,5.4,6,3,4.5,24,3,10,4,17.6,58.8,23.5,0.3,156,47.4,16.2,83.8,7.7,21.2,13.5,60.9,26,0,4,0,0,0,0,0,0,0,322,0,-0.3,-4.98,-16.9,14.11825,10.58,208,6.07,119,19.24,344,345,24.15,2.5,"NO","P"
"442","2026","vs_RHB","R",663603,"Solomon Bates","QRO","R","Diestro","SP","Abridor",29,"USA","Victorville",4,NA,45,42,20,9,7,0,4,6,2,0,2,1,0,0,11,22,7.33333333333333,17.55,13.5,3,10.76,196,0.476,0.511,0.929,1.44,0.593,10.1,13.3,4.4,8.9,7.36,2.45,4.91,24.55,10,9,1,50,45,5,1.11,166,49.4,12.2,87.8,6,20.5,14.5,63.9,26,0,4,0,0,0,0,0,0,0,322,0,-0.3,-4.98,-16.9,14.11825,10.58,208,6.07,119,19.24,344,345,24.15,2.5,"NO","P"
"443","2026","Overall","All",605513,"Spencer Turnbull","DUR","R","Diestro","SP","Abridor",33,"USA","Demopolis",8,8,158,144,44,27,13,2,2,29,4,0,4,5,2,5,20,110,36.6666666666667,4.38,4.91,1.309,3.94,72,0.306,0.342,0.465,0.807,0.352,-1.9,18.4,2.5,15.9,7.12,0.98,0.49,10.8,39,26,6,54.9,36.6,8.5,1.5,595,50.6,22.9,77.1,11.6,27.9,16.3,66.9,18,1,0,0,0,0,0,0,0,1,595,1,1.2,1.72,1,10.0741666666667,3.88,76,4.36,86,5.11,91,86,16.08,7.25,"NO","P"
"444","2026","vs_LHB","L",605513,"Spencer Turnbull","DUR","R","Diestro","SP","Abridor",33,"USA","Demopolis",8,NA,68,59,22,14,5,2,1,9,2,0,2,4,2,3,10,45,15,4.38,6,1.6,4.95,90,0.373,0.418,0.576,0.994,0.426,4.1,13.2,2.9,10.3,5.4,1.2,0.6,13.2,18,10,1,62.1,34.5,3.4,1.8,239,49.4,17.8,82.2,8.8,27.2,18.4,67.8,18,1,0,0,0,0,0,0,0,1,595,1,1.2,1.72,1,10.0741666666667,3.88,76,4.36,86,5.11,91,86,16.08,7.25,"NO","P"
"445","2026","vs_RHB","R",605513,"Spencer Turnbull","DUR","R","Diestro","SP","Abridor",33,"USA","Demopolis",8,NA,90,85,22,13,8,0,1,20,2,0,2,1,0,2,10,65,21.6666666666667,4.38,4.15,1.108,3.25,59,0.259,0.284,0.388,0.672,0.296,-6,22.2,2.2,20,8.31,0.83,0.42,9.14,21,16,5,50,38.1,11.9,1.31,356,51.4,26.2,73.8,13.5,28.4,14.9,66.3,18,1,0,0,0,0,0,0,0,1,595,1,1.2,1.72,1,10.0741666666667,3.88,76,4.36,86,5.11,91,86,16.08,7.25,"NO","P"
"446","2026","Overall","All",624427,"Stephen Gonsalves","QRO","L","Zurdo","SP","Abridor",31,"USA","San Diego",23,2,133,106,25,18,3,0,4,38,23,0,23,4,0,2,14,85,28.3333333333333,3.49,4.45,1.694,6.09,111,0.236,0.391,0.377,0.768,0.369,0.7,28.6,17.3,11.3,12.07,7.31,1.27,7.94,27,17,3,57.4,36.2,6.4,1.59,550,43.5,28.5,71.5,12.4,25.6,13.3,56.7,11,1,1,0,1,2,1,0,0,0,550,5,0,-0.45,4.7,11.4916304347826,6.05,119,5.21,102,3.52,63,69,19.41,1.65,"NO","P"
"447","2026","vs_LHB","L",624427,"Stephen Gonsalves","QRO","L","Zurdo","SP","Abridor",31,"USA","San Diego",23,NA,52,40,4,3,1,0,0,21,11,0,11,1,0,1,1,39,13,3.49,0.69,1.154,3.62,66,0.1,0.308,0.125,0.433,0.258,-5.4,40.4,21.2,19.2,14.54,7.62,0,2.77,9,5,1,60,33.3,6.7,1.8,238,43.3,36.9,63.1,16,29.8,13.9,57.1,11,1,1,0,1,2,1,0,0,0,550,5,0,-0.45,4.7,11.4916304347826,6.05,119,5.21,102,3.52,63,69,19.41,1.65,"NO","P"
"448","2026","vs_RHB","R",624427,"Stephen Gonsalves","QRO","L","Zurdo","SP","Abridor",31,"USA","San Diego",22,NA,81,66,21,15,2,0,4,17,12,0,12,3,0,1,13,46,15.3333333333333,3.49,7.63,2.152,8.19,149,0.318,0.444,0.53,0.974,0.441,6.1,21,14.8,6.2,9.98,7.04,2.35,12.33,18,12,2,56.2,37.5,6.2,1.5,312,43.6,22.1,77.9,9.6,22.4,12.8,56.4,11,1,1,0,1,2,1,0,0,0,550,5,0,-0.45,4.7,11.4916304347826,6.05,119,5.21,102,3.52,63,69,19.41,1.65,"NO","P"
"449","2026","Overall","All",668665,"Stephen Nogosek","MEX","R","Diestro","SP","Abridor",31,"USA","Roseville",46,2,224,209,52,39,6,2,5,63,9,0,9,5,0,5,24,161,53.6666666666667,3.69,4.02,1.137,3.73,68,0.249,0.296,0.368,0.664,0.299,-14.3,28.1,4,24.1,10.57,1.51,0.84,8.72,50,43,2,52.6,45.3,2.1,1.16,859,47.1,24.4,75.6,11.5,32.2,20.7,67.9,22,8,1,0,3,6,3,0,0,1,859,5,1.2,1.94,7.8,11.0260579710145,3.66,72,3.8,75,3.89,69,72,16.01,7,"NO","P"
"450","2026","vs_LHB","L",668665,"Stephen Nogosek","MEX","R","Diestro","SP","Abridor",31,"USA","Roseville",42,NA,101,96,28,22,5,0,1,28,3,0,3,2,0,3,12,69,23,3.69,4.7,1.348,2.86,52,0.292,0.327,0.375,0.702,0.321,-4.3,27.7,3,24.7,10.96,1.17,0.39,10.96,24,14,0,63.2,36.8,0,1.71,412,47.8,21.8,78.2,10.4,30.8,20.4,68.2,22,8,1,0,3,6,3,0,0,1,859,5,1.2,1.94,7.8,11.0260579710145,3.66,72,3.8,75,3.89,69,72,16.01,7,"NO","P"
"451","2026","vs_RHB","R",668665,"Stephen Nogosek","MEX","R","Diestro","SP","Abridor",31,"USA","Roseville",44,NA,123,113,24,17,1,2,4,35,6,0,6,3,0,2,12,92,30.6666666666667,3.69,3.52,0.978,4.37,80,0.212,0.27,0.363,0.633,0.282,-9.9,28.5,4.9,23.6,10.27,1.76,1.17,7.04,26,29,2,45.6,50.9,3.5,0.9,447,46.5,26.9,73.1,12.5,33.6,21,67.6,22,8,1,0,3,6,3,0,0,1,859,5,1.2,1.94,7.8,11.0260579710145,3.66,72,3.8,75,3.89,69,72,16.01,7,"NO","P"
"452","2026","vs_LHB","L",842582,"Tadeo Sanchez","JAL","L","Zurdo",NA,NA,NA,NA,NA,2,NA,9,7,4,2,0,1,1,0,2,0,2,0,0,1,2,4,1.33333333333333,27,13.5,4.5,18.33,334,0.571,0.667,1.286,1.953,0.738,3.3,0,22.2,-22.2,0,13.5,6.75,27,1,3,0,25,75,0,0.33,42,47.6,5,95,2.4,11.9,9.5,57.1,8,0,1,0,0,0,0,0,0,0,63,1,-0.2,-12.97,-6.1,13.7778333333333,18.57,365,9.8,193,32.73,584,530,23.63,0,"NO","P"
"453","2026","vs_RHB","R",842582,"Tadeo Sanchez","JAL","L","Zurdo",NA,NA,NA,NA,NA,2,NA,9,8,4,2,1,0,1,0,1,0,1,0,0,0,6,4,1.33333333333333,27,40.5,3.75,16.08,293,0.5,0.556,1,1.556,0.635,2.4,0,11.1,-11.1,0,6.75,6.75,27,2,1,2,40,20,40,2,27,44.4,0,100,0,14.8,14.8,59.3,8,0,1,0,0,0,0,0,0,0,63,1,-0.2,-12.97,-6.1,13.7778333333333,18.57,365,9.8,193,32.73,584,530,23.63,0,"NO","P"
"454","2026","Overall","All",605463,"Tayler Scott","LAG","R","Diestro","SP","Abridor",34,"South Africa","Johannesburg",6,6,99,93,24,16,6,0,2,14,4,0,4,0,1,5,9,75,25,2.52,3.24,1.12,4.48,82,0.258,0.286,0.387,0.673,0.296,-6.6,14.1,4,10.1,5.04,1.44,0.72,8.64,28,20,6,51.9,37,11.1,1.4,380,45.8,19.5,80.5,8.9,28.9,20,65.8,7,1,0,0,0,0,0,0,0,0,382,2,0.6,1.18,6,10.5805555555556,4.42,87,4.72,93,3.24,58,50,15.28,3.5,"NO","P"
"455","2026","vs_LHB","L",605463,"Tayler Scott","LAG","R","Diestro","SP","Abridor",34,"South Africa","Johannesburg",6,NA,43,40,10,6,3,0,1,6,1,0,1,0,1,1,4,33,11,2.52,3.27,1,4.44,81,0.25,0.262,0.4,0.662,0.282,-3.5,14,2.3,11.7,4.91,0.82,0.82,8.18,14,8,2,58.3,33.3,8.3,1.75,168,44,20.3,79.7,8.9,31,22,66.1,7,1,0,0,0,0,0,0,0,0,382,2,0.6,1.18,6,10.5805555555556,4.42,87,4.72,93,3.24,58,50,15.28,3.5,"NO","P"
"456","2026","vs_RHB","R",605463,"Tayler Scott","LAG","R","Diestro","SP","Abridor",34,"South Africa","Johannesburg",6,NA,56,53,14,10,3,0,1,8,3,0,3,0,0,4,5,42,14,2.52,3.21,1.214,4.51,82,0.264,0.304,0.377,0.681,0.306,-3.2,14.3,5.4,8.9,5.14,1.93,0.64,9,14,12,4,46.7,40,13.3,1.17,212,47.2,19,81,9,27.4,18.4,65.6,7,1,0,0,0,0,0,0,0,0,382,2,0.6,1.18,6,10.5805555555556,4.42,87,4.72,93,3.24,58,50,15.28,3.5,"NO","P"
"457","2026","Overall","All",663658,"Thaddeus Ward","LEO","R","Diestro","SP","Abridor",29,"USA","Fort Myers",18,17,331,274,85,63,12,1,9,68,43,0,43,9,2,14,49,211,70.3333333333333,6.75,6.27,1.82,6.03,110,0.31,0.418,0.46,0.878,0.403,12.7,20.5,13,7.5,8.7,5.5,1.15,10.88,78,40,9,61.4,31.5,7.1,1.95,1358,40.5,20,80,8.1,25.8,17.7,58.2,53,5,4,0,1,0,1,0,0,0,1358,6,0.6,-0.37,-10.2,11.6405,5.97,117,5.26,103,6.92,124,133,19.22,1.58,"NO","P"
"458","2026","vs_LHB","L",663658,"Thaddeus Ward","LEO","R","Diestro","SP","Abridor",29,"USA","Fort Myers",18,NA,176,143,49,37,7,0,5,31,25,0,25,6,0,6,23,104,34.6666666666667,6.75,5.97,2.135,6.85,125,0.343,0.46,0.497,0.957,0.441,13.3,17.6,14.2,3.4,8.05,6.49,1.3,12.72,42,22,3,62.7,32.8,4.5,1.91,744,37.4,16.2,83.8,6,24.5,18.4,55.8,53,5,4,0,1,0,1,0,0,0,1358,6,0.6,-0.37,-10.2,11.6405,5.97,117,5.26,103,6.92,124,133,19.22,1.58,"NO","P"
"459","2026","vs_RHB","R",663658,"Thaddeus Ward","LEO","R","Diestro","SP","Abridor",29,"USA","Fort Myers",18,NA,155,131,36,26,5,1,4,37,18,0,18,3,2,8,26,107,35.6666666666667,6.75,6.56,1.514,5.23,95,0.275,0.37,0.42,0.79,0.361,-0.5,23.9,11.6,12.3,9.34,4.54,1.01,9.08,36,18,6,60,30,10,2,614,44.3,23.9,76.1,10.6,27.4,16.8,61.1,53,5,4,0,1,0,1,0,0,0,1358,6,0.6,-0.37,-10.2,11.6405,5.97,117,5.26,103,6.92,124,133,19.22,1.58,"NO","P"
"460","2026","Overall","All",656382,"Tommy Doyle","CAM","R","Diestro","SP","Abridor",30,"USA","Vienna",21,11,220,201,54,32,11,2,9,52,15,0,15,1,1,2,31,154,51.3333333333333,5.2,5.44,1.344,5.27,96,0.269,0.321,0.478,0.799,0.345,-4.1,23.6,6.8,16.8,9.12,2.63,1.58,9.47,42,54,8,40.4,51.9,7.7,0.78,894,50.9,29.7,70.3,15.1,30.4,15.3,66.2,32,0,1,0,0,2,0,0,0,0,952,6,0.6,0.35,1.2,11.2539015151515,5.25,103,4.54,89,5.39,96,102,17.2,3.41,"NO","P"
"461","2026","vs_LHB","L",656382,"Tommy Doyle","CAM","R","Diestro","SP","Abridor",30,"USA","Vienna",21,NA,99,92,21,11,6,2,2,16,5,0,5,0,0,0,16,74,24.6666666666667,5.2,5.84,1.054,4.44,81,0.228,0.268,0.402,0.67,0.287,-7.5,16.2,5.1,11.1,5.84,1.82,0.73,7.66,26,27,4,45.6,47.4,7,0.96,396,50.8,25.9,74.1,13.1,28.3,15.2,65.9,32,0,1,0,0,2,0,0,0,0,952,6,0.6,0.35,1.2,11.2539015151515,5.25,103,4.54,89,5.39,96,102,17.2,3.41,"NO","P"
"462","2026","vs_RHB","R",656382,"Tommy Doyle","CAM","R","Diestro","SP","Abridor",30,"USA","Vienna",21,NA,121,109,33,21,5,0,7,36,10,0,10,1,1,2,15,80,26.6666666666667,5.2,5.06,1.612,6.03,110,0.303,0.364,0.541,0.905,0.391,3.2,29.8,8.3,21.5,12.15,3.38,2.36,11.14,16,27,4,34,57.4,8.5,0.59,498,51,32.7,67.3,16.7,32.1,15.5,66.5,32,0,1,0,0,2,0,0,0,0,952,6,0.6,0.35,1.2,11.2539015151515,5.25,103,4.54,89,5.39,96,102,17.2,3.41,"NO","P"
"463","2026","Overall","All",676720,"Tommy Romero","VER","R","Diestro","SP","Abridor",28,"USA","Fort Lauderdale",14,12,262,229,77,47,15,2,13,35,30,0,30,1,1,7,43,163,54.3333333333333,7.95,7.12,1.969,7.61,139,0.336,0.414,0.59,1.004,0.433,17.7,13.4,11.5,1.9,5.8,4.97,2.15,12.75,43,75,8,34.1,59.5,6.3,0.57,1031,43.1,16.9,83.1,7.3,24.4,17.2,60.2,48,4,6,0,0,0,0,0,0,0,1031,0,-0.3,-1.97,-14.8,12.6687738095238,7.57,149,6.77,133,8.15,146,156,18.98,1.17,"NO","P"
"464","2026","vs_LHB","L",676720,"Tommy Romero","VER","R","Diestro","SP","Abridor",28,"USA","Fort Lauderdale",14,NA,131,109,38,23,8,0,7,14,20,0,20,1,0,2,17,73,24.3333333333333,7.95,6.29,2.384,9.26,169,0.349,0.454,0.615,1.069,0.466,13.1,10.7,15.3,-4.6,5.18,7.4,2.59,14.05,22,34,6,35.5,54.8,9.7,0.65,536,40.5,13.8,86.2,5.6,22.2,16.6,57.1,48,4,6,0,0,0,0,0,0,0,1031,0,-0.3,-1.97,-14.8,12.6687738095238,7.57,149,6.77,133,8.15,146,156,18.98,1.17,"NO","P"
"465","2026","vs_RHB","R",676720,"Tommy Romero","VER","R","Diestro","SP","Abridor",28,"USA","Fort Lauderdale",14,NA,131,120,39,24,7,2,6,21,10,0,10,0,1,5,26,90,30,7.95,7.8,1.633,6.28,115,0.325,0.374,0.567,0.941,0.401,4.8,16,7.6,8.4,6.3,3,1.8,11.7,21,41,2,32.8,64.1,3.1,0.51,495,45.9,19.8,80.2,9.1,26.9,17.8,63.6,48,4,6,0,0,0,0,0,0,0,1031,0,-0.3,-1.97,-14.8,12.6687738095238,7.57,149,6.77,133,8.15,146,156,18.98,1.17,"NO","P"
"466","2026","Overall","All",657053,"Touki Toussaint","LAG","R","Diestro","SP","Abridor",30,"USA","Pembroke Pines",19,18,349,297,88,60,15,3,10,65,42,0,42,5,3,14,46,227,75.6666666666667,6.16,5.47,1.718,5.94,108,0.296,0.389,0.468,0.857,0.385,7.2,18.6,12,6.6,7.73,5,1.19,10.47,70,66,12,47.3,44.6,8.1,1.06,1354,43.4,25.7,74.3,11.2,29.2,18.1,61.4,52,5,4,0,0,0,0,0,0,0,1354,2,0.8,-0.28,-8.1,11.5866666666667,5.88,116,5.6,110,6.75,121,121,17.82,1.55,"NO","P"
"467","2026","vs_LHB","L",657053,"Touki Toussaint","LAG","R","Diestro","SP","Abridor",30,"USA","Pembroke Pines",19,NA,140,114,32,19,7,2,4,21,22,0,22,0,2,4,18,88,29.3333333333333,6.16,5.52,1.841,6.67,122,0.281,0.391,0.482,0.873,0.388,3.3,15,15.7,-0.7,6.44,6.75,1.23,9.82,30,29,3,48.4,46.8,4.8,1.03,551,44.8,25.9,74.1,11.6,27.8,16.2,61,52,5,4,0,0,0,0,0,0,0,1354,2,0.8,-0.28,-8.1,11.5866666666667,5.88,116,5.6,110,6.75,121,121,17.82,1.55,"NO","P"
"468","2026","vs_RHB","R",657053,"Touki Toussaint","LAG","R","Diestro","SP","Abridor",30,"USA","Pembroke Pines",19,NA,209,183,56,41,8,1,6,44,20,0,20,5,1,10,28,139,46.3333333333333,6.16,5.44,1.64,5.48,100,0.306,0.388,0.459,0.847,0.383,3.9,21.1,9.6,11.5,8.55,3.88,1.17,10.88,40,37,9,46.5,43,10.5,1.08,803,42.3,25.6,74.4,10.8,30.3,19.4,61.8,52,5,4,0,0,0,0,0,0,0,1354,2,0.8,-0.28,-8.1,11.5866666666667,5.88,116,5.6,110,6.75,121,121,17.82,1.55,"NO","P"
"469","2026","Overall","All",545333,"Trevor Bauer","MEX","R","Diestro","SP","Abridor",35,"USA","North Hollywood",6,5,131,123,32,21,7,0,4,31,6,0,6,0,0,3,16,97,32.3333333333333,4.41,4.45,1.175,4.33,79,0.26,0.295,0.415,0.71,0.311,-6.8,23.7,4.6,19.1,8.63,1.67,1.11,8.91,30,32,2,46.9,50,3.1,0.94,458,49.1,29.8,70.2,14.6,33.6,19,68.1,16,4,1,0,0,0,0,0,0,1,458,2,0.8,1.33,4.2,10.2103888888889,4.27,84,4.32,85,4.47,80,87,14.02,5.17,"NO","P"
"470","2026","vs_LHB","L",545333,"Trevor Bauer","MEX","R","Diestro","SP","Abridor",35,"USA","North Hollywood",6,NA,61,56,12,9,2,0,1,16,3,0,3,0,0,1,2,47,15.6666666666667,4.41,1.15,0.957,3.44,63,0.214,0.254,0.304,0.558,0.254,-6.6,26.2,4.9,21.3,9.19,1.72,0.57,6.89,16,13,0,55.2,44.8,0,1.23,211,49.3,32.7,67.3,16.1,34.1,18,67.3,16,4,1,0,0,0,0,0,0,1,458,2,0.8,1.33,4.2,10.2103888888889,4.27,84,4.32,85,4.47,80,87,14.02,5.17,"NO","P"
"471","2026","vs_RHB","R",545333,"Trevor Bauer","MEX","R","Diestro","SP","Abridor",35,"USA","North Hollywood",6,NA,70,67,20,12,5,0,3,15,3,0,3,0,0,2,14,50,16.6666666666667,4.41,7.56,1.38,5.16,94,0.299,0.329,0.507,0.836,0.359,-0.3,21.4,4.3,17.1,8.1,1.62,1.62,10.8,14,19,2,40,54.3,5.7,0.74,247,49,27.3,72.7,13.4,33.2,19.8,68.8,16,4,1,0,0,0,0,0,0,1,458,2,0.8,1.33,4.2,10.2103888888889,4.27,84,4.32,85,4.47,80,87,14.02,5.17,"NO","P"
"472","2026","Overall","All",622066,"Tyler Alexander","QRO","L","Zurdo","SP","Abridor",34,"USA","Tampa",14,14,290,247,83,53,23,2,5,47,33,1,32,5,2,6,43,177,59,7.2,6.56,1.949,5.47,100,0.336,0.422,0.506,0.928,0.415,14.5,16.2,11,5.2,7.17,4.88,0.76,12.66,50,53,13,43.1,45.7,11.2,0.94,1130,45.7,21.9,78.1,10,26.6,16.6,62.3,48,4,3,0,0,0,0,0,0,0,1130,7,0.9,0.21,-13.2,11.25,5.39,106,5.79,114,8.25,147,141,18.83,1.42,"NO","P"
"473","2026","vs_LHB","L",622066,"Tyler Alexander","QRO","L","Zurdo","SP","Abridor",34,"USA","Tampa",12,NA,77,60,22,17,5,0,0,10,14,0,14,1,1,1,7,43,14.3333333333333,7.2,4.4,2.512,5.82,106,0.367,0.487,0.45,0.937,0.442,5.9,13,18.2,-5.2,6.28,8.79,0,13.81,16,9,3,57.1,32.1,10.7,1.78,327,39.4,21.7,78.3,8.6,26.3,17.7,57.2,48,4,3,0,0,0,0,0,0,0,1130,7,0.9,0.21,-13.2,11.25,5.39,106,5.79,114,8.25,147,141,18.83,1.42,"NO","P"
"474","2026","vs_RHB","R",622066,"Tyler Alexander","QRO","L","Zurdo","SP","Abridor",34,"USA","Tampa",14,NA,213,187,61,36,18,2,5,37,19,1,18,4,1,5,36,134,44.6666666666667,7.2,7.25,1.769,5.36,98,0.326,0.398,0.524,0.922,0.405,8.6,17.4,8.5,8.9,7.46,3.63,1.01,12.29,34,44,10,38.6,50,11.4,0.77,803,48.2,22,78,10.6,26.8,16.2,64.4,48,4,3,0,0,0,0,0,0,0,1130,7,0.9,0.21,-13.2,11.25,5.39,106,5.79,114,8.25,147,141,18.83,1.42,"NO","P"
"475","2026","vs_LHB","L",608648,"Tyler Duffey","YUC","R","Diestro",NA,NA,NA,NA,NA,2,NA,8,7,4,3,1,0,0,0,1,0,1,0,0,0,4,3,1,21.6,36,5,7.08,129,0.571,0.625,0.714,1.339,0.598,1.8,0,12.5,-12.5,0,9,0,36,1,1,0,50,50,0,1,29,37.9,0,100,0,17.2,17.2,55.2,4,0,1,0,0,0,0,0,0,0,51,1,0,-5.92,-5.3,11.992,11.52,226,12.92,254,45,804,424,30.6,0,"NO","P"
"476","2026","Overall","All",663959,"Tyler Ivey","LAR","R","Diestro","SP","Abridor",30,"USA","Rowlett",18,17,354,312,87,61,16,1,9,85,34,0,34,4,2,5,49,234,78,5.74,5.65,1.551,4.86,89,0.279,0.355,0.423,0.778,0.353,-3.8,24,9.6,14.4,9.81,3.92,1.04,10.04,59,71,15,40.7,49,10.3,0.83,1395,48.9,27.9,72.1,13.6,28.4,14.8,63.7,50,5,7,0,0,1,0,0,0,0,1395,7,1.6,0.8,-4.4,10.8214814814815,4.8,94,4.83,95,6.45,115,113,17.81,2.5,"NO","P"
"477","2026","vs_LHB","L",663959,"Tyler Ivey","LAR","R","Diestro","SP","Abridor",30,"USA","Rowlett",17,NA,160,143,35,24,8,0,3,38,16,0,16,0,1,3,18,113,37.6666666666667,5.74,4.3,1.354,4.37,80,0.245,0.319,0.364,0.683,0.313,-8,23.8,10,13.8,9.08,3.82,0.72,8.36,29,34,8,40.8,47.9,11.3,0.85,636,47.6,26.1,73.9,12.4,27.8,15.4,63.1,50,5,7,0,0,1,0,0,0,0,1395,7,1.6,0.8,-4.4,10.8214814814815,4.8,94,4.83,95,6.45,115,113,17.81,2.5,"NO","P"
"478","2026","vs_RHB","R",663959,"Tyler Ivey","LAR","R","Diestro","SP","Abridor",30,"USA","Rowlett",18,NA,194,169,52,37,8,1,6,47,18,0,18,4,1,2,31,121,40.3333333333333,5.74,6.92,1.736,5.32,97,0.308,0.385,0.473,0.858,0.386,4.2,24.2,9.3,14.9,10.49,4.02,1.34,11.6,30,37,7,40.5,50,9.5,0.81,759,49.9,29.3,70.7,14.6,28.9,14.2,64.2,50,5,7,0,0,1,0,0,0,0,1395,7,1.6,0.8,-4.4,10.8214814814815,4.8,94,4.83,95,6.45,115,113,17.81,2.5,"NO","P"
"479","2026","Overall","All",682413,"Tyler Jandron","OAX","L","Zurdo","SP","Abridor",31,"USA","Negaunee",8,1,48,43,12,7,4,0,1,8,3,0,3,2,0,0,6,30,10,5.23,5.4,1.5,5.28,96,0.279,0.354,0.442,0.796,0.359,-0.2,16.7,6.2,10.5,7.2,2.7,0.9,10.8,10,13,0,43.5,56.5,0,0.77,170,41.2,17.1,82.9,7.1,29.4,22.4,63.5,6,1,2,0,1,3,1,0,0,0,186,1,0.1,0.09,-0.3,11.3831666666667,5.51,108,6.38,125,7.13,127,103,18,2.67,"NO","P"
"480","2026","vs_LHB","L",682413,"Tyler Jandron","OAX","L","Zurdo","SP","Abridor",31,"USA","Negaunee",6,NA,17,15,3,2,0,0,1,4,1,0,1,1,0,0,4,12,4,5.23,9,1,6.83,125,0.2,0.294,0.4,0.694,0.314,-0.8,23.5,5.9,17.6,9,2.25,2.25,6.75,5,4,0,55.6,44.4,0,1.25,62,37.1,17.4,82.6,6.5,29,22.6,59.7,6,1,2,0,1,3,1,0,0,0,186,1,0.1,0.09,-0.3,11.3831666666667,5.51,108,6.38,125,7.13,127,103,18,2.67,"NO","P"
"481","2026","vs_RHB","R",682413,"Tyler Jandron","OAX","L","Zurdo","SP","Abridor",31,"USA","Negaunee",7,NA,31,28,9,5,4,0,0,4,2,0,2,1,0,0,2,18,6,5.23,3,1.833,4.25,78,0.321,0.387,0.464,0.851,0.383,0.6,12.9,6.5,6.4,6,3,0,13.5,5,9,0,35.7,64.3,0,0.56,108,43.5,17,83,7.4,29.6,22.2,65.7,6,1,2,0,1,3,1,0,0,0,186,1,0.1,0.09,-0.3,11.3831666666667,5.51,108,6.38,125,7.13,127,103,18,2.67,"NO","P"
"482","2026","Overall","All",643588,"Tyler Viza","QRO","R","Diestro","SP","Abridor",31,"USA","Phoenix",16,17,361,326,93,54,24,1,14,48,27,1,26,5,2,10,45,248,82.6666666666667,4.78,4.9,1.44,6.25,114,0.285,0.347,0.494,0.841,0.367,1.1,13.3,7.2,6.1,5.23,2.83,1.52,10.12,93,88,18,46.7,44.2,9,1.06,1372,43.9,16.8,83.2,7.4,26.2,18.8,62.7,48,4,5,0,0,0,0,1,1,0,1477,1,0.9,-0.35,5.1,11.7091666666667,5.95,117,5.55,109,4.79,86,94,16.35,1.93,"NO","P"
"483","2026","vs_LHB","L",643588,"Tyler Viza","QRO","R","Diestro","SP","Abridor",31,"USA","Phoenix",16,NA,187,165,48,25,15,0,8,24,17,1,16,3,1,3,25,124,41.3333333333333,4.78,5.44,1.548,6.81,124,0.291,0.366,0.527,0.893,0.388,4.4,12.8,8.6,4.2,5.23,3.48,1.74,10.45,47,47,7,46.5,46.5,6.9,1,741,42.8,15.5,84.5,6.6,26,19.4,62.2,48,4,5,0,0,0,0,1,1,0,1477,1,0.9,-0.35,5.1,11.7091666666667,5.95,117,5.55,109,4.79,86,94,16.35,1.93,"NO","P"
"484","2026","vs_RHB","R",643588,"Tyler Viza","QRO","R","Diestro","SP","Abridor",31,"USA","Phoenix",16,NA,174,161,45,29,9,1,6,24,10,0,10,2,1,7,20,124,41.3333333333333,4.78,4.35,1.331,5.68,104,0.28,0.328,0.46,0.788,0.344,-3.4,13.8,5.7,8.1,5.23,2.18,1.31,9.8,46,41,11,46.9,41.8,11.2,1.12,631,45.2,18.2,81.8,8.2,26.3,18.1,63.2,48,4,5,0,0,0,0,1,1,0,1477,1,0.9,-0.35,5.1,11.7091666666667,5.95,117,5.55,109,4.79,86,94,16.35,1.93,"NO","P"
"485","2026","Overall","All",571035,"William Cuevas","OAX","R","Diestro","SP","Abridor",35,"Venezuela","Caracas",8,8,166,158,33,23,6,1,3,27,7,0,7,0,0,2,9,129,43,2.74,1.88,0.93,4.22,77,0.209,0.242,0.316,0.558,0.249,-18.7,16.3,4.2,12.1,5.65,1.47,0.63,6.91,37,58,5,37,58,5,0.64,604,48.5,18.4,81.6,8.9,27.6,18.7,67.2,14,5,2,0,0,0,0,0,0,0,658,1,1,0.88,17.3,10.6503703703704,4.72,93,5.42,106,2.74,49,54,14.3,3.33,"NO","P"
"486","2026","vs_LHB","L",571035,"William Cuevas","OAX","R","Diestro","SP","Abridor",35,"Venezuela","Caracas",8,NA,81,77,20,15,4,1,0,9,3,0,3,0,0,1,4,60,20,2.74,1.8,1.15,3.63,66,0.26,0.288,0.338,0.626,0.281,-6.6,11.1,3.7,7.4,4.05,1.35,0,9,20,24,4,41.7,50,8.3,0.83,291,48.8,12.7,87.3,6.2,23,16.8,65.6,14,5,2,0,0,0,0,0,0,0,658,1,1,0.88,17.3,10.6503703703704,4.72,93,5.42,106,2.74,49,54,14.3,3.33,"NO","P"
"487","2026","vs_RHB","R",571035,"William Cuevas","OAX","R","Diestro","SP","Abridor",35,"Venezuela","Caracas",8,NA,85,81,13,8,2,0,3,18,4,0,4,0,0,1,5,69,23,2.74,1.96,0.739,4.73,86,0.16,0.2,0.296,0.496,0.219,-12.1,21.2,4.7,16.5,7.04,1.57,1.17,5.09,17,34,1,32.7,65.4,1.9,0.5,313,48.2,23.8,76.2,11.5,31.9,20.4,68.7,14,5,2,0,0,0,0,0,0,0,658,1,1,0.88,17.3,10.6503703703704,4.72,93,5.42,106,2.74,49,54,14.3,3.33,"NO","P"
"488","2026","Overall","All",521655,"Wilmer Font","SLW","R","Diestro","SP","Abridor",36,"Venezuela","La Guaira",19,19,382,352,103,78,14,0,11,100,23,0,23,1,3,4,44,261,87,4.91,4.55,1.448,4.25,78,0.293,0.335,0.426,0.761,0.34,-9,26.2,6,20.2,10.34,2.38,1.14,10.66,68,78,12,43,49.4,7.6,0.87,1462,48.7,23.3,76.7,11.4,30.5,19.2,67.9,48,8,4,0,0,0,0,0,0,0,1466,2,2.5,1.38,5.8,10.3347368421053,4.22,83,4.09,80,5.11,91,96,16.66,4.17,"NO","P"
"489","2026","vs_LHB","L",521655,"Wilmer Font","SLW","R","Diestro","SP","Abridor",36,"Venezuela","La Guaira",19,NA,165,147,40,28,7,0,5,48,15,0,15,0,1,1,16,113,37.6666666666667,4.91,3.82,1.46,4.45,81,0.272,0.337,0.422,0.759,0.341,-3.7,29.1,9.1,20,11.47,3.58,1.19,9.56,28,32,4,43.8,50,6.2,0.88,638,45.8,27.1,72.9,12.4,33.1,20.7,66.5,48,8,4,0,0,0,0,0,0,0,1466,2,2.5,1.38,5.8,10.3347368421053,4.22,83,4.09,80,5.11,91,96,16.66,4.17,"NO","P"
"490","2026","vs_RHB","R",521655,"Wilmer Font","SLW","R","Diestro","SP","Abridor",36,"Venezuela","La Guaira",19,NA,217,205,63,50,7,0,6,52,8,0,8,1,2,3,28,148,49.3333333333333,4.91,5.11,1.439,4.1,75,0.307,0.333,0.429,0.762,0.339,-5.3,24,3.7,20.3,9.49,1.46,1.09,11.49,40,46,8,42.6,48.9,8.5,0.87,824,51,20.7,79.3,10.6,28.5,18,68.9,48,8,4,0,0,0,0,0,0,0,1466,2,2.5,1.38,5.8,10.3347368421053,4.22,83,4.09,80,5.11,91,96,16.66,4.17,"NO","P"
"491","2026","Overall","All",658140,"Wilmer Rios","MVA","R","Diestro","SP","Abridor",32,"Mexico","Guasave",16,15,366,337,101,73,14,2,12,65,17,0,17,7,3,11,49,252,84,4.8,5.25,1.405,5.25,96,0.3,0.343,0.46,0.803,0.354,-3.6,17.8,4.6,13.2,6.96,1.82,1.29,10.82,78,87,12,44.1,49.2,6.8,0.9,1407,49.8,18.7,81.3,9.3,24.2,14.9,64.6,45,3,5,0,0,0,0,0,0,0,1407,3,1.4,0.41,2.4,11.0408229166667,5.19,102,5.07,100,5.24,94,94,16.68,3.82,"NO","P"
"492","2026","vs_LHB","L",658140,"Wilmer Rios","MVA","R","Diestro","SP","Abridor",32,"Mexico","Guasave",16,NA,164,151,50,38,7,1,4,26,8,0,8,4,0,4,15,106,35.3333333333333,4.8,3.82,1.642,5.1,93,0.331,0.38,0.47,0.85,0.382,2.9,15.9,4.9,11,6.62,2.04,1.02,12.74,33,36,6,44,48,8,0.92,637,49.3,16.6,83.4,8.2,23.7,15.5,64.8,45,3,5,0,0,0,0,0,0,0,1407,3,1.4,0.41,2.4,11.0408229166667,5.19,102,5.07,100,5.24,94,94,16.68,3.82,"NO","P"
"493","2026","vs_RHB","R",658140,"Wilmer Rios","MVA","R","Diestro","SP","Abridor",32,"Mexico","Guasave",16,NA,202,186,51,35,7,1,8,39,9,0,9,3,3,7,34,146,48.6666666666667,4.8,6.29,1.233,5.35,98,0.274,0.313,0.452,0.765,0.332,-6.3,19.3,4.5,14.8,7.21,1.66,1.48,9.43,45,51,6,44.1,50,5.9,0.88,770,50.1,20.5,79.5,10.3,24.5,14.3,64.4,45,3,5,0,0,0,0,0,0,0,1407,3,1.4,0.41,2.4,11.0408229166667,5.19,102,5.07,100,5.24,94,94,16.68,3.82,"NO","P"
"494","2026","Overall","All",675540,"Xzavion Curry","TIG","R","Diestro","SP","Abridor",27,"USA","Orangeburg",4,4,83,74,16,6,7,0,3,17,8,0,8,0,1,1,10,60,20,4.87,4.5,1.2,5.53,101,0.216,0.289,0.432,0.721,0.312,-4.2,20.5,9.6,10.9,7.65,3.6,1.35,7.2,11,29,2,26.2,69,4.8,0.38,342,48.8,20.4,79.6,9.9,25.7,15.8,64.6,11,1,2,0,0,0,0,0,0,1,342,0,0.3,0.14,1.9,11.28275,5.46,107,5.86,115,4.93,88,96,16.82,2.13,"NO","P"
"495","2026","vs_LHB","L",675540,"Xzavion Curry","TIG","R","Diestro","SP","Abridor",27,"USA","Orangeburg",4,NA,43,37,7,3,3,0,1,10,6,0,6,0,0,1,3,32,10.6666666666667,4.87,2.53,1.219,5.11,93,0.189,0.302,0.351,0.653,0.302,-2.6,23.3,14,9.3,8.44,5.06,0.84,5.91,4,17,0,19,81,0,0.24,193,51.8,21,79,10.9,22.8,11.9,63.7,11,1,2,0,0,0,0,0,0,1,342,0,0.3,0.14,1.9,11.28275,5.46,107,5.86,115,4.93,88,96,16.82,2.13,"NO","P"
"496","2026","vs_RHB","R",675540,"Xzavion Curry","TIG","R","Diestro","SP","Abridor",27,"USA","Orangeburg",4,NA,40,37,9,3,4,0,2,7,2,0,2,0,1,0,7,28,9.33333333333333,4.87,6.75,1.179,6.01,110,0.243,0.275,0.514,0.789,0.323,-1.6,17.5,5,12.5,6.75,1.93,1.93,8.68,7,12,2,33.3,57.1,9.5,0.58,149,45,19.4,80.6,8.7,29.5,20.8,65.8,11,1,2,0,0,0,0,0,0,1,342,0,0.3,0.14,1.9,11.28275,5.46,107,5.86,115,4.93,88,96,16.82,2.13,"NO","P"
"497","2026","Overall","All",594582,"Yoanner Negrin","YUC","R","Diestro","SP","Abridor",42,"Cuba","Havana",18,17,343,308,87,55,19,1,12,54,20,1,19,5,6,12,47,238,79.3333333333333,4.87,5.33,1.336,5.59,102,0.282,0.33,0.468,0.798,0.347,-5.7,15.7,5.5,10.2,6.13,2.16,1.36,9.87,84,77,8,49.7,45.6,4.7,1.09,1258,46.9,18.5,81.5,8.7,27,18.4,65.3,46,5,7,0,0,0,0,0,0,1,1321,1,1.2,0.23,-2.1,11.2285087719298,5.37,106,5.06,99,5.29,94,96,15.54,2.76,"NO","P"
"498","2026","vs_LHB","L",594582,"Yoanner Negrin","YUC","R","Diestro","SP","Abridor",42,"Cuba","Havana",18,NA,183,168,36,26,6,1,3,37,11,1,10,1,2,4,20,138,46,4.87,3.91,1,4.04,74,0.214,0.264,0.315,0.579,0.263,-18.1,20.2,5.5,14.7,7.24,1.96,0.59,7.04,44,45,6,46.3,47.4,6.3,0.98,678,46.3,23.2,76.8,10.8,29.8,19,65.3,46,5,7,0,0,0,0,0,0,1,1321,1,1.2,0.23,-2.1,11.2285087719298,5.37,106,5.06,99,5.29,94,96,15.54,2.76,"NO","P"
"499","2026","vs_RHB","R",594582,"Yoanner Negrin","YUC","R","Diestro","SP","Abridor",42,"Cuba","Havana",18,NA,160,140,51,29,13,0,9,17,9,0,9,4,4,8,27,100,33.3333333333333,4.87,7.29,1.8,7.74,141,0.364,0.408,0.65,1.058,0.445,12.7,10.6,5.6,5,4.59,2.43,2.43,13.77,40,32,2,54.1,43.2,2.7,1.25,580,47.6,13,87,6.2,23.8,17.6,65.2,46,5,7,0,0,0,0,0,0,1,1321,1,1.2,0.23,-2.1,11.2285087719298,5.37,106,5.06,99,5.29,94,96,15.54,2.76,"NO","P"
"500","2026","Overall","All",622795,"Yohander Méndez","YUC","L","Zurdo","SP","Abridor",31,"VEN","Valencia",7,5,103,85,30,20,7,0,3,24,11,0,11,3,2,2,19,60,20,9.58,8.55,2.05,5.73,105,0.353,0.436,0.541,0.977,0.433,7,23.3,10.7,12.6,10.8,4.95,1.35,13.5,9,19,4,28.1,59.4,12.5,0.47,416,45.4,27.5,72.5,12.5,26.7,14.2,59.6,22,0,3,0,0,0,0,0,0,0,416,1,0.2,-0.05,-8.1,11.4240476190476,5.65,111,5.3,104,10.69,191,188,20.13,2.18,"NO","P"
"501","2026","vs_LHB","L",622795,"Yohander Méndez","YUC","L","Zurdo","SP","Abridor",31,"VEN","Valencia",6,NA,38,33,9,5,2,0,2,9,1,0,1,3,0,1,8,25,8.33333333333333,9.58,8.64,1.2,6.48,118,0.273,0.351,0.515,0.866,0.38,0.6,23.7,2.6,21.1,9.72,1.08,2.16,9.72,4,11,1,25,68.8,6.2,0.36,142,49.3,24.3,75.7,12,25.4,13.4,62.7,22,0,3,0,0,0,0,0,0,0,416,1,0.2,-0.05,-8.1,11.4240476190476,5.65,111,5.3,104,10.69,191,188,20.13,2.18,"NO","P"
"502","2026","vs_RHB","R",622795,"Yohander Méndez","YUC","L","Zurdo","SP","Abridor",31,"VEN","Valencia",7,NA,65,52,21,15,5,0,1,15,10,0,10,0,2,1,11,35,11.6666666666667,9.58,8.49,2.657,5.19,95,0.404,0.484,0.558,1.042,0.464,6.4,23.1,15.4,7.7,11.57,7.71,0.77,16.2,5,8,3,31.2,50,18.8,0.62,274,43.4,29.4,70.6,12.8,27.4,14.6,58,22,0,3,0,0,0,0,0,0,0,416,1,0.2,-0.05,-8.1,11.4240476190476,5.65,111,5.3,104,10.69,191,188,20.13,2.18,"NO","P"
"503","2026","Overall","All",660671,"Yorvin Pantoja","VER","L","Zurdo","SP","Abridor",28,"Venezuela","Caruao",8,5,91,86,22,10,6,0,6,26,5,0,5,0,0,1,9,65,21.6666666666667,3.38,3.74,1.246,5.97,109,0.256,0.297,0.535,0.832,0.348,-1.4,28.6,5.5,23.1,10.8,2.08,2.49,9.14,20,22,1,46.5,51.2,2.3,0.91,388,44.3,27.3,72.7,12.1,28.9,16.8,61.1,9,0,2,0,0,0,0,0,0,1,429,0,0.2,-0.09,4.4,11.44,5.69,112,3.97,78,3.38,60,66,17.88,4.67,"NO","P"
"504","2026","vs_LHB","L",660671,"Yorvin Pantoja","VER","L","Zurdo","SP","Abridor",28,"Venezuela","Caruao",8,NA,29,27,4,2,2,0,0,8,2,0,2,0,0,0,1,23,7.66666666666667,3.38,1.17,0.783,2.78,51,0.148,0.207,0.222,0.429,0.202,-4.6,27.6,6.9,20.7,9.39,2.35,0,4.7,10,5,0,66.7,33.3,0,2,105,44.8,36.2,63.8,16.2,33.3,17.1,61.9,9,0,2,0,0,0,0,0,0,1,429,0,0.2,-0.09,4.4,11.44,5.69,112,3.97,78,3.38,60,66,17.88,4.67,"NO","P"
"505","2026","vs_RHB","R",660671,"Yorvin Pantoja","VER","L","Zurdo","SP","Abridor",28,"Venezuela","Caruao",8,NA,62,59,18,8,4,0,6,18,3,0,3,0,0,1,8,42,14,3.38,5.14,1.5,7.72,141,0.305,0.339,0.678,1.017,0.416,3.2,29,4.8,24.2,11.57,1.93,3.86,11.57,10,17,1,35.7,60.7,3.6,0.59,283,44.2,24,76,10.6,27.2,16.6,60.8,9,0,2,0,0,0,0,0,0,1,429,0,0.2,-0.09,4.4,11.44,5.69,112,3.97,78,3.38,60,66,17.88,4.67,"NO","P"
"506","2026","Overall","All",665093,"Zac Grotz","JAL","R","Diestro","SP","Abridor",33,"USA","San Mateo",16,16,354,331,86,67,12,3,4,82,12,0,12,6,3,6,27,258,86,2.91,2.83,1.14,3.41,62,0.26,0.295,0.35,0.645,0.292,-25,23.2,3.4,19.8,8.58,1.26,0.42,9,99,58,7,60.4,35.4,4.3,1.71,1280,51.1,21.7,78.3,11.1,27.7,16.6,67.7,28,9,3,0,0,0,0,0,0,0,1280,4,3.4,2.25,22.9,9.3796875,3.35,66,3.87,76,3.13,56,57,14.77,6.83,"NO","P"
"507","2026","vs_LHB","L",665093,"Zac Grotz","JAL","R","Diestro","SP","Abridor",33,"USA","San Mateo",16,NA,170,157,41,32,6,0,3,33,7,0,7,3,1,2,12,122,40.6666666666667,2.91,2.66,1.18,4.15,76,0.261,0.304,0.357,0.661,0.301,-10.5,19.4,4.1,15.3,7.3,1.55,0.66,9.07,50,32,3,58.8,37.6,3.5,1.56,618,53.1,19.2,80.8,10.2,24.6,14.4,67.5,28,9,3,0,0,0,0,0,0,0,1280,4,3.4,2.25,22.9,9.3796875,3.35,66,3.87,76,3.13,56,57,14.77,6.83,"NO","P"
"508","2026","vs_RHB","R",665093,"Zac Grotz","JAL","R","Diestro","SP","Abridor",33,"USA","San Mateo",16,NA,184,174,45,35,6,3,1,49,5,0,5,3,2,4,15,136,45.3333333333333,2.91,2.98,1.103,2.73,50,0.259,0.288,0.345,0.633,0.283,-14.6,26.6,2.7,23.9,9.73,0.99,0.2,8.93,49,26,4,62,32.9,5.1,1.88,662,49.2,24.2,75.8,11.9,30.5,18.6,67.8,28,9,3,0,0,0,0,0,0,0,1280,4,3.4,2.25,22.9,9.3796875,3.35,66,3.87,76,3.13,56,57,14.77,6.83,"NO","P"
"509","2026","Overall","All",675912,"Zac Lowther","LEO","L","Zurdo","SP","Abridor",30,"USA","Middleburg Heights",19,18,351,312,100,69,23,1,7,60,34,1,33,1,1,10,38,223,74.3333333333333,4.84,4.6,1.789,5.06,92,0.321,0.388,0.468,0.856,0.385,7.2,17.1,9.4,7.7,7.26,4,0.85,12.11,65,69,17,43,45.7,11.3,0.94,1363,46.1,20.1,79.9,9.2,27.1,17.8,63.9,40,6,5,0,0,0,0,0,0,0,1363,2,1.4,0.59,0.4,11.0165,5.01,98,5.32,105,5.71,102,95,18.34,1.76,"NO","P"
"510","2026","vs_LHB","L",675912,"Zac Lowther","LEO","L","Zurdo","SP","Abridor",30,"USA","Middleburg Heights",18,NA,73,64,16,13,2,1,0,13,9,0,9,0,0,2,5,49,16.3333333333333,4.84,2.76,1.531,4.14,76,0.25,0.342,0.312,0.654,0.314,-3.6,17.8,12.3,5.5,7.16,4.96,0,8.82,18,12,3,54.5,36.4,9.1,1.5,312,44.6,20.1,79.9,9,24.7,15.7,60.3,40,6,5,0,0,0,0,0,0,0,1363,2,1.4,0.59,0.4,11.0165,5.01,98,5.32,105,5.71,102,95,18.34,1.76,"NO","P"
"511","2026","vs_RHB","R",675912,"Zac Lowther","LEO","L","Zurdo","SP","Abridor",30,"USA","Middleburg Heights",19,NA,278,248,84,56,21,0,7,47,25,1,24,1,1,8,33,174,58,4.84,5.12,1.862,5.32,97,0.339,0.4,0.508,0.908,0.403,10.6,16.9,8.6,8.3,7.29,3.72,1.09,13.03,47,57,14,39.8,48.3,11.9,0.82,1051,46.5,20,80,9.3,27.8,18.5,65,40,6,5,0,0,0,0,0,0,0,1363,2,1.4,0.59,0.4,11.0165,5.01,98,5.32,105,5.71,102,95,18.34,1.76,"NO","P"
"512","2026","Overall","All",681817,"Zach Mort","SLW","R","Diestro","SP","Abridor",29,"USA","Chesterfield",13,13,281,262,78,54,16,2,6,60,14,0,14,4,1,5,33,189,63,5.77,4.71,1.46,4.27,78,0.298,0.342,0.443,0.785,0.348,-4.4,21.4,5,16.4,8.57,2,0.86,11.14,54,51,20,43.2,40.8,16,1.06,1045,48.8,25.7,74.3,12.5,29.6,17,65.8,41,4,7,0,0,0,0,0,0,0,1045,3,1.8,1.39,0.1,10.2594871794872,4.21,83,4.33,85,5.91,106,113,16.33,4.29,"NO","P"
"513","2026","vs_LHB","L",681817,"Zach Mort","SLW","R","Diestro","SP","Abridor",29,"USA","Chesterfield",13,NA,113,103,35,27,4,1,3,25,8,0,8,2,0,1,17,70,23.3333333333333,5.77,6.56,1.843,4.89,89,0.34,0.398,0.485,0.883,0.397,3.7,22.1,7.1,15,9.64,3.09,1.16,13.5,15,22,7,34.1,50,15.9,0.68,434,47.9,27.4,72.6,13.1,29.5,16.4,64.3,41,4,7,0,0,0,0,0,0,0,1045,3,1.8,1.39,0.1,10.2594871794872,4.21,83,4.33,85,5.91,106,113,16.33,4.29,"NO","P"
"514","2026","vs_RHB","R",681817,"Zach Mort","SLW","R","Diestro","SP","Abridor",29,"USA","Chesterfield",13,NA,168,159,43,27,12,1,3,35,6,0,6,2,1,4,16,119,39.6666666666667,5.77,3.63,1.235,3.9,71,0.27,0.304,0.415,0.719,0.315,-8.1,20.8,3.6,17.2,7.94,1.36,0.68,9.76,39,29,13,48.1,35.8,16,1.34,611,49.4,24.5,75.5,12.1,29.6,17.5,66.9,41,4,7,0,0,0,0,0,0,0,1045,3,1.8,1.39,0.1,10.2594871794872,4.21,83,4.33,85,5.91,106,113,16.33,4.29,"NO","P"
"515","2026","Overall","All",668676,"Zach Plesac","JAL","R","Diestro","SP","Abridor",31,"USA","Crown Point",13,12,282,252,72,43,13,3,13,46,25,0,25,2,1,4,48,186,62,6.79,6.97,1.565,6.63,121,0.286,0.354,0.516,0.87,0.376,3.3,16.3,8.9,7.4,6.68,3.63,1.89,10.45,59,75,9,41.3,52.4,6.3,0.79,1065,47.6,25.8,74.2,12.3,27.5,15.2,62.8,47,3,6,0,0,0,0,0,0,1,1065,3,0.2,-0.96,-12.7,12.1643076923077,6.56,129,5.84,115,7.54,135,133,17.09,1.84,"NO","P"
"516","2026","vs_LHB","L",668676,"Zach Plesac","JAL","R","Diestro","SP","Abridor",31,"USA","Crown Point",13,NA,119,103,33,18,6,3,6,15,14,0,14,0,0,2,18,73,24.3333333333333,6.79,6.66,1.932,7.78,142,0.32,0.402,0.612,1.014,0.429,7.6,12.6,11.8,0.8,5.55,5.18,2.22,12.21,24,33,2,40.7,55.9,3.4,0.73,468,42.7,25,75,10.7,24.4,13.7,56.4,47,3,6,0,0,0,0,0,0,1,1065,3,0.2,-0.96,-12.7,12.1643076923077,6.56,129,5.84,115,7.54,135,133,17.09,1.84,"NO","P"
"517","2026","vs_RHB","R",668676,"Zach Plesac","JAL","R","Diestro","SP","Abridor",31,"USA","Crown Point",13,NA,163,149,39,25,7,0,7,31,11,0,11,2,1,2,30,113,37.6666666666667,6.79,7.17,1.327,5.89,107,0.262,0.319,0.45,0.769,0.338,-4.2,19,6.7,12.3,7.41,2.63,1.67,9.32,35,42,7,41.7,50,8.3,0.83,597,51.4,26.4,73.6,13.6,30,16.4,67.8,47,3,6,0,0,0,0,0,0,1,1065,3,0.2,-0.96,-12.7,12.1643076923077,6.56,129,5.84,115,7.54,135,133,17.09,1.84,"NO","P"
